Total_Time,Score,Distance,Walls_Hit,Opponent_Hit,Owntail_Hit,Other_Hit,Turns_Cornering,Cummulated_Low_Corner_Dist,Cummulated_Low_Corners,low corner dist,Right_Corners,Left_Corners,Turns_With_Useless_Keys,Keys_Released,scorePerDist,turnsperdist,rightminusleft,class
97,-62.90721649,1.453608247,0.319587629,0,0,0,0.350515464,0.010309278,0.010309278,1,0.134020619,0.216494845,0.134020619,0.020618557,-43.27659574,0.241134752,0.082474226,0
144,-57.32638889,2.375,0.326388889,0,0,0,0.354166667,0.340277778,0.020833333,16.33333361,0.215277778,0.138888889,0.118055556,0.041666667,-24.1374269,0.149122807,0.076388889,0
479,1.837160752,1.603340292,0,0,0.006263048,0,0.30480167,0.701461378,0.027139875,25.8461536,0.025052192,0.279749478,0.087682672,0.096033403,1.145833333,0.190104167,0.254697286,0
125,-48.592,0.976,0.248,0,0,0,0.368,0.216,0.032,6.75,0.2,0.168,0.16,0.032,-49.78688525,0.37704918,0.032,0
217,-22.95852535,1.875576037,0.115207373,0,0.004608295,0,0.534562212,0.437788018,0.02764977,15.83333308,0.290322581,0.244239631,0.082949309,0.055299539,-12.24078624,0.285012285,0.04608295,0
120,-92.325,1.55,0.508333333,0,0,0,0.15,0.058333333,0.008333333,7.00000024,0.075,0.075,0.633333333,0.008333333,-59.56451613,0.096774194,0,0
178,-59.66853933,1.640449438,0.292134831,0.005617978,0,0.005617978,0.078651685,0.56741573,0.033707865,16.83333341,0.039325843,0.039325843,0.449438202,0.078651685,-36.37328767,0.047945205,0,0
849,14.66431095,2.138987044,0,0,0.002355713,0,0.03180212,0.440518257,0.012956419,34.00000085,0.017667845,0.014134276,0.10836278,0.037691402,6.855726872,0.014867841,0.003533569,1
961,9.117585848,1.603537981,0.002081165,0.004162331,0,0,0.13735692,0.481789802,0.015608741,30.86666644,0.066597294,0.070759625,0.154006243,0.023933403,5.685918235,0.085658663,0.004162331,2
822,-2.891727494,1.981751825,0.049878345,0.00243309,0.003649635,0,0.366180049,0.433090024,0.015815085,27.38461564,0.182481752,0.183698297,0.063260341,0.03892944,-1.459177409,0.184775936,0.001216545,3
628,7.052547771,1.472929936,0,0,0.001592357,0,0.02388535,0.449044586,0.015923567,28.19999979,0.015923567,0.007961783,0.170382166,0.02866242,4.788108108,0.016216216,0.007961784,3
850,-2.998823529,1.454117647,0.018823529,0,0.001176471,0,0.245882353,0.202352941,0.007058824,28.66666473,0.130588235,0.115294118,0.144705882,0.016470588,-2.062297735,0.169093851,0.015294117,3
676,28.81213018,2.035502959,0,0.00147929,0,0,0.023668639,0.408284024,0.00739645,55.19999784,0.014792899,0.00887574,0.110946746,0.031065089,14.15479651,0.011627907,0.005917159,4
1236,10.87135922,2.470873786,0,0.007281553,0.002427184,0.001618123,0.02184466,0.457928803,0.012944984,35.37499954,0.009708738,0.012135922,0.086569579,0.025889968,4.399803536,0.008840864,0.002427184,4
636,9.492138365,2.641509434,0,0,0.003144654,0.001572327,0.257861635,1.044025157,0.02672956,39.05882315,0.202830189,0.055031447,0.088050314,0.083333333,3.593452381,0.097619048,0.147798742,4
736,30.89266304,2.054347826,0,0,0,0,0.024456522,0.506793478,0.010869565,46.62500091,0.012228261,0.012228261,0.070652174,0.027173913,15.03769841,0.011904762,0,5
1122,14.72638146,2.35828877,0,0.003565062,0.012477718,0,0.018716578,0.524955437,0.012477718,42.07142981,0.00802139,0.010695187,0.049910873,0.018716578,6.24452003,0.007936508,0.002673797,5
254,-15.53149606,1.472440945,0.043307087,0,0,0.039370079,0.11023622,0.543307087,0.015748031,34.50000111,0.090551181,0.019685039,0.023622047,0.019685039,-10.54812834,0.07486631,0.070866142,5
205,-17.53170732,2.365853659,0.112195122,0,0,0.004878049,0.204878049,0.951219512,0.029268293,32.49999964,0.082926829,0.12195122,0.126829268,0.03902439,-7.410309278,0.086597938,0.039024391,5
812,23.66133005,1.399014778,0.002463054,0,0,0.001231527,0.193349754,0.366995074,0.013546798,27.09090916,0.082512315,0.110837438,0.024630542,0.039408867,16.91285211,0.138204225,0.028325123,5
1119,2.430741734,2.834673816,0.040214477,0,0.006255585,0,0.215370867,0.474530831,0.019660411,24.13636373,0.126005362,0.089365505,0.079535299,0.035746202,0.857503153,0.075977301,0.036639857,5
832,15.90504808,1.415865385,0,0,0.001201923,0.002403846,0.407451923,0.302884615,0.008413462,35.99999798,0.176682692,0.230769231,0.165865385,0.030048077,11.23344652,0.287775891,0.054086539,6
839,20.07151371,2.131108462,0,0,0,0,0.025029797,0.560190703,0.010727056,52.22222229,0.010727056,0.014302741,0.070321812,0.026221692,9.418344519,0.011744966,0.003575685,7
969,16.48090815,2.246646027,0,0.001031992,0,0.004127967,0.025799794,0.622291022,0.018575851,33.50000073,0.009287926,0.016511868,0.040247678,0.027863777,7.335783188,0.011483693,0.007223942,7
748,61.42914439,2.062834225,0,0.005347594,0,0,0.021390374,0.790106952,0.014705882,53.72727403,0.006684492,0.014705882,0.048128342,0.021390374,29.77900194,0.01036941,0.00802139,7
869,-11.4269275,2.746835443,0.090909091,0,0,0,0.278481013,0.713463751,0.025316456,28.18181783,0.109321059,0.169159954,0.113924051,0.052934407,-4.160033515,0.101382488,0.059838895,7
831,10.14681107,2.419975933,0.008423586,0.003610108,0.002406739,0,0.217809868,0.42599278,0.014440433,29.50000045,0.131167268,0.086642599,0.14801444,0.04211793,4.192938836,0.090004973,0.044524669,7
361,17.06925208,2.379501385,0.013850416,0,0,0.002770083,0.249307479,0.390581717,0.011080332,35.25000126,0.110803324,0.138504155,0.11634349,0.03601108,7.173457509,0.104772992,0.027700831,7
261,23.99233716,2.432950192,0,0,0,0,0.252873563,0.245210728,0.003831418,63.99999374,0.137931034,0.114942529,0.095785441,0.042145594,9.861417323,0.103937008,0.022988505,7
651,-9.443932412,1.68202765,0.102918587,0,0,0.003072197,0.248847926,0.514592934,0.01843318,27.91666625,0.124423963,0.124423963,0.039938556,0.033794163,-5.614611872,0.147945205,0,7
725,8.725517241,2.045517241,0,0,0.002758621,0,0.04137931,0.84,0.019310345,43.49999961,0.019310345,0.022068966,0.146206897,0.042758621,4.26567768,0.020229265,0.002758621,8
744,-0.073924731,2.225806452,0.057795699,0,0.001344086,0,0.193548387,0.432795699,0.012096774,35.77777836,0.096774194,0.096774194,0.106182796,0.030913978,-0.03321256,0.086956522,0,8
533,-1.624765478,2.151969981,0.011257036,0,0,0.001876173,0.17260788,0.487804878,0.013133208,37.14285786,0.097560976,0.075046904,0.09380863,0.031894934,-0.755013078,0.080209241,0.022514072,8
1053,14.48622982,2.339981007,0,0.002849003,0.000949668,0.004748338,0.025641026,0.579297246,0.012345679,46.92307697,0.015194682,0.010446344,0.067426401,0.030389364,6.190746753,0.010957792,0.004748338,9
562,-4.692170819,1.752669039,0.044483986,0,0,0.001779359,0.233096085,0.804270463,0.021352313,37.66666698,0.12633452,0.106761566,0.274021352,0.046263345,-2.67715736,0.132994924,0.019572954,9
541,2.11090573,1.663585952,0,0,0.003696858,0,0.25323475,0.953789279,0.025878004,36.85714242,0.131238447,0.121996303,0.086876155,0.04805915,1.268888889,0.152222222,0.009242144,9
536,-11.68470149,2.074626866,0.059701493,0.003731343,0,0.009328358,0.402985075,0.236940299,0.007462687,31.74999822,0.175373134,0.22761194,0.162313433,0.031716418,-5.632194245,0.194244604,0.052238806,10
485,13.37319588,2.317525773,0.026804124,0,0.004123711,0,0.026804124,0.412371134,0.010309278,40.00000136,0.008247423,0.018556701,0.531958763,0.035051546,5.770462633,0.011565836,0.010309278,10
436,16.59862385,1.387614679,0.038990826,0,0.002293578,0.006880734,0.185779817,0.167431193,0.01146789,14.59999991,0.089449541,0.096330275,0.341743119,0.043577982,11.96198347,0.133884298,0.006880734,10
1098,1.365209472,2.340619308,0.000910747,0.038251366,0,0,0.036429872,0.493624772,0.015482696,31.88235253,0.02003643,0.016393443,0.118397086,0.037340619,0.583268482,0.015564202,0.003642987,11
639,1.001564945,2.708920188,0.028169014,0,0.001564945,0.009389671,0.320813772,0.669796557,0.025039124,26.7499996,0.169014085,0.151799687,0.081377152,0.048513302,0.369728481,0.118428654,0.017214398,11
1433,13.98046057,2.630146546,0.000697837,0.002791347,0.011863224,0,0.032100488,0.685275645,0.016050244,42.69565279,0.015352408,0.016748081,0.12072575,0.037683182,5.315468294,0.012204829,0.001395673,12
631,40.62123613,2.087163233,0,0,0,0,0.055467512,0.762282092,0.017432647,43.72727171,0.025356577,0.030110935,0.129952456,0.064976228,19.46241458,0.02657555,0.004754358,13
709,23.85049365,2.108603667,0,0.004231312,0.001410437,0,0.035260931,0.576868829,0.014104372,40.90000101,0.021156559,0.014104372,0.104372355,0.045133992,11.31103679,0.016722408,0.007052187,13
699,9.871244635,1.729613734,0.035765379,0,0,0.005722461,0.185979971,0.686695279,0.032904149,20.86956508,0.103004292,0.08297568,0.027181688,0.090128755,5.70719603,0.107526882,0.020028612,13
941,9.715196599,1.883103082,0.024442083,0.004250797,0.002125399,0,0.258235919,0.427205101,0.012752391,33.5000002,0.127523911,0.130712009,0.026567481,0.060573858,5.159142212,0.137133183,0.003188098,13
883,27.95469989,2.183465459,0,0.001132503,0,0,0.021517554,0.520951302,0.012457531,41.81818227,0.013590034,0.00792752,0.125707814,0.023782559,12.80290456,0.009854772,0.005662514,14
467,-4.137044968,1.710920771,0.034261242,0,0.002141328,0,0.267665953,0.370449679,0.014989293,24.71428632,0.087794433,0.17987152,0.074946467,0.038543897,-2.418022528,0.156445557,0.092077087,14
330,2.215151515,2.251515152,0,0.021212121,0.003030303,0,0.048484848,0.506060606,0.018181818,27.83333361,0.012121212,0.036363636,0.242424242,0.036363636,0.98384926,0.02153432,0.024242424,14
1477,8.854434665,2.654705484,0.039268788,0,0.002708192,0,0.031821259,0.662153013,0.01760325,37.61538426,0.012863913,0.018957346,0.456330399,0.0352065,3.335373629,0.011986738,0.006093433,14
1105,9.326696833,2.783710407,0,0,0.001809955,0.001809955,0.25158371,0.577375566,0.015384615,37.52941273,0.154751131,0.096832579,0.029864253,0.069683258,3.350455137,0.090377113,0.057918552,15
1027,9.76436222,2.049659202,0.00194742,0.008763389,0.00194742,0.006815969,0.226874391,0.779941577,0.027263875,28.60714323,0.11781889,0.109055501,0.221032132,0.065238559,4.763895487,0.110688836,0.008763389,16
1116,3.330645161,2.509856631,0.032258065,0,0.002688172,0.002688172,0.287634409,1.008064516,0.034946237,28.84615348,0.14516129,0.142473118,0.110215054,0.110215054,1.327026062,0.114601928,0.002688172,16
241,-45.46887967,1.950207469,0.253112033,0,0,0,0.257261411,0.435684647,0.020746888,20.99999995,0.136929461,0.12033195,0.058091286,0.062240664,-23.31489362,0.131914894,0.016597511,16
1256,2.433917197,2.25955414,0.01910828,0.002388535,0,0.007165605,0.017515924,0.366242038,0.011942675,30.66666706,0.006369427,0.011146497,0.053343949,0.019904459,1.077167019,0.007751938,0.00477707,16
744,25.73252688,3.115591398,0.017473118,0,0,0,0.057795699,1.150537634,0.033602151,34.23999952,0.024193548,0.033602151,0.122311828,0.069892473,8.259275237,0.018550475,0.009408603,16
1111,-5.839783978,2.117911791,0.03780378,0,0,0.00090009,0.120612061,0.414941494,0.01170117,35.4615388,0.095409541,0.02520252,0.148514851,0.03060306,-2.757331067,0.056948576,0.070207021,17
1415,5.806360424,3.093992933,0.000706714,0.008480565,0,0.002120141,0.200706714,0.391519435,0.014134276,27.69999928,0.08975265,0.110954064,0.091872792,0.035335689,1.876656007,0.064869804,0.021201414,17
401,3.496259352,2.132169576,0,0,0.002493766,0.009975062,0.269326683,0.760598504,0.02244389,33.88888931,0.109725686,0.159600998,0.134663342,0.039900249,1.639766082,0.126315789,0.049875312,17
724,1.001381215,2.04558011,0.01519337,0.004143646,0.005524862,0.009668508,0.034530387,0.639502762,0.016574586,38.58333246,0.016574586,0.017955801,0.129834254,0.037292818,0.489534099,0.016880486,0.001381215,18
977,6.937563971,2.532241556,0.023541453,0,0.003070624,0,0.265097236,0.546571136,0.023541453,23.21739172,0.145342886,0.11975435,0.221084954,0.129989765,2.739692805,0.104688763,0.025588536,18
262,-37.16412214,1.564885496,0.190839695,0,0,0,0.244274809,0.709923664,0.026717557,26.57142882,0.080152672,0.164122137,0.114503817,0.076335878,-23.74878049,0.156097561,0.083969465,18
266,-11.77819549,2.357142857,0.052631579,0.003759398,0,0.007518797,0.233082707,1.718045113,0.052631579,32.64285711,0.116541353,0.116541353,0.033834586,0.082706767,-4.996810207,0.098883573,0,18
1004,18.92928287,2.271912351,0,0,0,0.00498008,0.027888446,0.562749004,0.012948207,43.46153904,0.012948207,0.014940239,0.062749004,0.03187251,8.331871986,0.012275318,0.001992032,19
969,20.19607843,2.228070175,0,0.005159959,0.002063983,0,0.016511868,0.511867905,0.012383901,41.33333309,0.005159959,0.011351909,0.036119711,0.016511868,9.064381658,0.007410838,0.00619195,19
1383,7.219088937,3.261026753,0,0,0.001446132,0.003615329,0.030368764,0.589298626,0.015907448,37.04545355,0.01373825,0.016630513,0.070860448,0.031091829,2.213747228,0.009312639,0.002892263,19
910,0.341758242,1.849450549,0.013186813,0.001098901,0.004395604,0.001098901,0.317582418,0.416483516,0.014285714,29.1538467,0.145054945,0.172527473,0.028571429,0.037362637,0.184789067,0.171717172,0.027472528,19
231,-24.96969697,1.58008658,0.155844156,0,0,0.017316017,0.173160173,0.255411255,0.008658009,29.49999879,0.108225108,0.064935065,0.277056277,0.034632035,-15.80273973,0.109589041,0.043290043,19
723,8.193637621,2.044260028,0,0,0.005532503,0,0.029045643,0.625172891,0.017980636,34.76923124,0.013831259,0.015214385,0.152143845,0.030428769,4.00811908,0.01420839,0.001383126,20
497,27.15895372,2.877263581,0.020120724,0,0,0,0.028169014,0.76056338,0.016096579,47.25000138,0.010060362,0.018108652,0.144869215,0.030181087,9.439160839,0.00979021,0.00804829,20
246,-32.32926829,2.451219512,0.166666667,0,0,0,0.191056911,1.012195122,0.024390244,41.49999984,0.052845528,0.138211382,0.31300813,0.044715447,-13.18905473,0.077943615,0.085365854,20
625,0.3616,2.2144,0,0,0.0176,0.0096,0.3584,0.2608,0.008,32.6,0.1328,0.2256,0.2144,0.0288,0.163294798,0.161849711,0.0928,20
1092,14.73717949,2.320512821,0,0,0,0,0.029304029,0.633699634,0.02014652,31.4545457,0.010989011,0.018315018,0.067765568,0.028388278,6.350828729,0.012628256,0.007326007,21
1446,7.778008299,2.579529737,0,0.006915629,0.000691563,0,0.022130014,0.368603043,0.013139696,28.05263097,0.009681881,0.012448133,0.058782849,0.021438451,3.015281501,0.008579088,0.002766252,21
1015,20.11428571,2.263054187,0,0.01182266,0.007881773,0.002955665,0.034482759,0.528078818,0.016748768,31.52941267,0.014778325,0.019704433,0.088669951,0.03546798,8.888114933,0.015237266,0.004926108,22
272,-25.46691176,1.952205882,0.150735294,0,0,0,0.128676471,0.371323529,0.018382353,20.19999991,0.044117647,0.084558824,0.022058824,0.033088235,-13.04519774,0.065913371,0.040441177,22
1196,0.49916388,2.398829431,0.02173913,0.00083612,0.009197324,0,0.025919732,0.441471572,0.013377926,33.00000105,0.011705686,0.014214047,0.110367893,0.025919732,0.208086441,0.010805159,0.002508361,23
1333,8.202550638,2.501125281,0.00300075,0.000750188,0.000750188,0.000750188,0.031507877,0.700675169,0.020255064,34.5925922,0.017254314,0.014253563,0.134283571,0.033008252,3.279544091,0.012597481,0.003000751,23
914,-0.530634573,1.687089716,0.02297593,0.002188184,0.001094092,0.008752735,0.025164114,0.294310722,0.010940919,26.90000008,0.013129103,0.012035011,0.166301969,0.026258206,-0.314526589,0.014915694,0.001094092,23
703,19.20910384,2.029871977,0,0.001422475,0,0,0.028449502,0.364153627,0.009957326,36.57142761,0.017069701,0.011379801,0.092460882,0.031294452,9.46320953,0.014015417,0.0056899,24
1234,10.88735818,2.453808752,0,0.004051864,0.003241491,0,0.021069692,0.529983793,0.012155592,43.5999985,0.012155592,0.0089141,0.077795786,0.025121556,4.436922061,0.008586526,0.003241492,24
317,-0.258675079,2.47318612,0.003154574,0,0.003154574,0,0.164037855,0.009463722,0.003154574,3,0.123028391,0.041009464,0.164037855,0.031545741,-0.104591837,0.066326531,0.082018927,24
751,6.860186418,2.697736352,0,0.00665779,0,0.003994674,0.202396804,0.501997337,0.013315579,37.70000065,0.10918775,0.093209055,0.087882823,0.033288948,2.542941757,0.075024679,0.015978695,24
360,8.780555556,2.369444444,0.013888889,0,0.002777778,0,0.275,0.722222222,0.022222222,32.50000032,0.152777778,0.122222222,0.036111111,0.05,3.705744431,0.116060961,0.030555556,24
1700,3.118235294,2.275294118,0,0.000588235,0.002941176,0.000588235,0.016470588,0.435882353,0.010588235,41.16666782,0.006470588,0.01,0.073529412,0.018235294,1.370475698,0.007238883,0.003529412,24
489,5.91002045,1.693251534,0,0.00408998,0.010224949,0.00204499,0.18609407,0.899795501,0.022494888,39.99999916,0.075664622,0.110429448,0.067484663,0.044989775,3.490338164,0.109903382,0.034764826,24
694,30.97262248,1.521613833,0.005763689,0.002881844,0,0,0.021613833,0.623919308,0.015850144,39.36363657,0.0129683,0.008645533,0.069164265,0.020172911,20.35511364,0.014204545,0.004322767,24
1048,5.771946565,2.038167939,0,0.000954198,0.008587786,0,0.325381679,0.260496183,0.004770992,54.60000415,0.150763359,0.174618321,0.199427481,0.025763359,2.831928839,0.159644195,0.023854962,24
634,27.81545741,1.977917981,0,0,0,0,0.017350158,0.389589905,0.006309148,61.75000254,0.007886435,0.009463722,0.066246057,0.018927445,14.06299841,0.00877193,0.001577287,25
1570,15.3955414,2.715923567,0,0.001910828,0.002547771,0,0.042675159,0.812101911,0.022929936,35.41666715,0.024840764,0.017834395,0.104458599,0.048407643,5.668621013,0.015712946,0.007006369,26
917,27.17339149,2.189749182,0,0,0,0,0.022900763,0.630316249,0.015267176,41.28571315,0.009814613,0.01308615,0.038167939,0.022900763,12.40936255,0.010458167,0.003271537,26
998,7.814629259,2.409819639,0.0501002,0,0,0.001002004,0.034068136,0.817635271,0.024048096,34.00000029,0.018036072,0.016032064,0.103206413,0.038076152,3.242827443,0.014137214,0.002004008,26
752,15.62898936,2.030585106,0.08643617,0,0,0,0.344414894,0.349734043,0.015957447,21.91666643,0.174202128,0.170212766,0.191489362,0.058510638,7.696791094,0.169613621,0.003989362,26
992,22.77520161,2.333669355,0,0.001008065,0,0.006048387,0.046370968,0.975806452,0.029233871,33.37931032,0.023185484,0.023185484,0.203629032,0.05141129,9.759395248,0.01987041,0,26
955,24.03769634,2.217801047,0,0,0,0,0.032460733,0.447120419,0.014659686,30.49999973,0.015706806,0.016753927,0.069109948,0.032460733,10.83852691,0.014636449,0.001047121,27
1267,17.10181531,2.451460142,0.004735596,0.00394633,0.000789266,0.000789266,0.029992107,0.491712707,0.012628256,38.93749913,0.014206788,0.01578532,0.113654301,0.029992107,6.976175145,0.012234385,0.001578532,27
1451,5.411440386,3.340454859,0.00275672,0,0,0.006202619,0.046864232,1.135079256,0.028945555,39.21428544,0.024121296,0.022742936,0.192281185,0.05306685,1.619971116,0.014029296,0.00137836,27
726,17.53030303,1.91322314,0.020661157,0,0,0,0.238292011,0.425619835,0.012396694,34.33333395,0.126721763,0.111570248,0.280991736,0.03030303,9.162706983,0.124550036,0.015151515,28
708,5.238700565,1.949152542,0.060734463,0,0,0.002824859,0.292372881,0.579096045,0.016949153,34.16666573,0.155367232,0.13700565,0.221751412,0.039548023,2.687681159,0.15,0.018361582,29
477,3.098532495,1.882599581,0.023060797,0,0,0.018867925,0.048218029,1.056603774,0.027253669,38.76923045,0.025157233,0.023060797,0.503144654,0.052410901,1.645879733,0.025612472,0.002096436,29
249,-0.602409639,2.401606426,0.060240964,0,0.008032129,0,0.34939759,0.714859438,0.032128514,22.25000005,0.172690763,0.176706827,0.152610442,0.060240964,-0.25083612,0.14548495,0.004016064,29
2217,1.090663058,2.899864682,0,0.00090212,0.00045106,0.00045106,0.026161479,0.458276951,0.01398286,32.7741929,0.00947226,0.01668922,0.065854759,0.028867839,0.376108259,0.009021621,0.00721696,30
1043,-1.300095877,2.28379674,0.029721956,0,0.000958773,0,0.01725791,0.357622244,0.0105465,33.9090925,0.011505273,0.005752637,0.065196548,0.020134228,-0.569269521,0.007556675,0.005752636,30
873,-0.602520046,2.156930126,0.011454754,0.001145475,0,0.006872852,0.025200458,0.443298969,0.01489118,29.76923044,0.01489118,0.010309278,0.072164948,0.026345934,-0.279341476,0.011683484,0.004581902,30
813,-2.196801968,2.612546125,0.003690037,0.001230012,0,0.011070111,0.035670357,0.736777368,0.020910209,35.2352943,0.022140221,0.013530135,0.121771218,0.038130381,-0.84086629,0.013653484,0.008610086,30
628,-2.501592357,1.78343949,0.03343949,0,0,0,0.162420382,0.590764331,0.017515924,33.72727188,0.103503185,0.058917197,0.050955414,0.049363057,-1.402678571,0.091071429,0.044585988,30
760,9.160526316,2.146052632,0.015789474,0.006578947,0,0.002631579,0.028947368,0.569736842,0.017105263,33.30769261,0.014473684,0.014473684,0.144736842,0.039473684,4.268546904,0.013488657,0,31
297,-9.097643098,2.383838384,0.03030303,0.003367003,0.013468013,0.003367003,0.430976431,0.875420875,0.03030303,28.88888916,0.239057239,0.191919192,0.01010101,0.053872054,-3.816384181,0.18079096,0.047138047,31
821,19.27161998,1.617539586,0,0,0,0,0.019488429,0.320341048,0.007308161,43.83333208,0.008526188,0.010962241,0.073081608,0.019488429,11.91415663,0.012048193,0.002436053,31
1012,28.66897233,1.759881423,0,0,0,0,0.017786561,0.282608696,0.005928854,47.66666476,0.010869565,0.006916996,0.074110672,0.018774704,16.29028636,0.010106682,0.003952569,31
985,-2.247715736,2.240609137,0.030456853,0,0,0.001015228,0.039593909,0.730964467,0.024365482,30.00000029,0.018274112,0.021319797,0.16751269,0.043654822,-1.003171726,0.017671047,0.003045685,32
1349,3.669384729,2.945885841,0,0,0.012601927,0,0.035581913,0.651593773,0.017790956,36.62500053,0.013343217,0.022238695,0.213491475,0.042253521,1.245596376,0.01207851,0.008895478,32
824,1.972087379,1.495145631,0.01092233,0.007281553,0,0.007281553,0.269417476,0.713592233,0.02184466,32.66666696,0.162621359,0.106796117,0.299757282,0.04368932,1.318993506,0.180194805,0.055825242,32
787,12.18297332,2.092757306,0,0.002541296,0.002541296,0.008894536,0.027954257,0.445997459,0.013977128,31.9090917,0.017789072,0.010165184,0.099110546,0.027954257,5.821493625,0.01335762,0.007623888,33
890,15.15842697,2.169662921,0,0.002247191,0,0,0.025842697,0.501123596,0.017977528,27.87500017,0.014606742,0.011235955,0.07752809,0.030337079,6.986535474,0.011910927,0.003370787,33
427,-8.833723653,1.695550351,0.072599532,0,0,0,0.194379391,0.456674473,0.016393443,27.85714221,0.088992974,0.105386417,0.128805621,0.032786885,-5.209944751,0.114640884,0.016393443,33
777,5.11969112,2.084942085,0.003861004,0,0.005148005,0.002574003,0.03989704,0.879021879,0.02960103,29.69565177,0.019305019,0.020592021,0.186615187,0.03989704,2.455555556,0.019135802,0.001287002,33
1278,23.06651017,2.486697966,0,0.004694836,0.002347418,0,0.023474178,0.616588419,0.016431925,37.52380923,0.009389671,0.014084507,0.08372457,0.028951487,9.275959723,0.009439899,0.004694836,33
1869,3.461744248,3.126805778,0.014446228,0,0,0.005350455,0.038523274,0.875334403,0.021936865,39.90243834,0.01658641,0.021936865,0.187265918,0.041733547,1.107118412,0.012320329,0.005350455,33
1136,0.472711268,2.433098592,0.007922535,0,0.00528169,0.002640845,0.485915493,0.563380282,0.019366197,29.09090938,0.235915493,0.25,0.131161972,0.059859155,0.194283647,0.199710564,0.014084507,33
2404,9.153494176,2.668885191,0,0.000831947,0.002079867,0.004159734,0.036189684,0.676372712,0.022878536,29.56363606,0.017886855,0.018302829,0.121048253,0.039101498,3.429706983,0.01355985,0.000415974,33
1018,15.73575639,1.764243615,0,0,0,0,0.030451866,0.760314342,0.015717092,48.37500105,0.016699411,0.013752456,0.118860511,0.030451866,8.919265033,0.017260579,0.002946955,33
1617,5.82436611,3.089053803,0.01546073,0,0.003710575,0,0.024737168,0.45021645,0.013605442,33.09090951,0.008039579,0.016697588,0.089053803,0.027210884,1.885485485,0.008008008,0.008658009,33
1354,16.21491876,2.55465288,0,0.004431315,0.000738552,0,0.019940916,0.460118168,0.011816839,38.93749995,0.008862629,0.011078287,0.133677991,0.02437223,6.347210176,0.007805724,0.002215658,34
1116,4.047491039,2.158602151,0.036738351,0.001792115,0,0,0.16218638,0.711469534,0.019713262,36.09090845,0.094982079,0.067204301,0.089605735,0.065412186,1.875051889,0.075134911,0.027777778,34
407,-16.68796069,2.614250614,0.100737101,0,0,0,0.164619165,0.594594595,0.022113022,26.88888904,0.063882064,0.100737101,0.085995086,0.066339066,-6.383458647,0.062969925,0.036855037,34
846,23.22340426,2.135933806,0,0.005910165,0.001182033,0,0.03427896,0.724586288,0.017730496,40.86666769,0.016548463,0.017730496,0.04964539,0.042553191,10.87271721,0.0160487,0.001182033,35
866,-3.386836028,2.347575058,0.024249423,0,0.003464203,0,0.147806005,0.434180139,0.016166282,26.85714248,0.055427252,0.092378753,0.042725173,0.091224018,-1.442695524,0.062961141,0.036951501,35
760,8.106578947,2.094736842,0,0.025,0.001315789,0.003947368,0.025,0.585526316,0.015789474,37.08333261,0.007894737,0.017105263,0.088157895,0.028947368,3.869974874,0.011934673,0.009210526,36
843,14.04982206,2.134045077,0.004744958,0.00118624,0,0,0.042704626,0.642941874,0.023724792,27.10000046,0.021352313,0.021352313,0.226571767,0.043890866,6.583657588,0.020011117,0,37
825,28.63757576,2.121212121,0,0.007272727,0,0,0.031515152,0.627878788,0.018181818,34.53333369,0.012121212,0.019393939,0.213333333,0.036363636,13.50057143,0.014857143,0.007272727,37
198,-17.17676768,2.424242424,0.116161616,0,0,0,0.277777778,0.449494949,0.015151515,29.66666693,0.141414141,0.136363636,0.116161616,0.03030303,-7.085416667,0.114583333,0.005050505,37
1250,16.2008,2.4528,0,0,0,0,0.0232,0.4728,0.0136,34.76470588,0.0104,0.0128,0.084,0.0256,6.605022831,0.009458578,0.0024,38
638,9.465517241,2.559561129,0,0,0.003134796,0.001567398,0.235109718,0.739811912,0.026645768,27.7647059,0.106583072,0.128526646,0.037617555,0.070532915,3.698101653,0.091855481,0.021943574,38
1448,13.84599448,2.60359116,0,0.006906077,0.004834254,0,0.020718232,0.627071823,0.016574586,37.83333249,0.006906077,0.013812155,0.054558011,0.022099448,5.318037135,0.00795756,0.006906078,39
794,28.70906801,2.09697733,0,0,0,0,0.013853904,0.520151134,0.010075567,51.62499877,0.002518892,0.011335013,0.047858942,0.013853904,13.69069069,0.006606607,0.008816121,39
1368,15.76681287,2.551169591,0,0.012426901,0.005116959,0,0.020467836,0.426900585,0.014619883,29.2000001,0.006578947,0.013888889,0.064327485,0.023391813,6.180229226,0.008022923,0.007309942,39
317,9.205047319,2.646687697,0,0.003154574,0.003154574,0,0.135646688,0.104100946,0.003154574,33.00000127,0.056782334,0.078864353,0.148264984,0.03785489,3.47794994,0.05125149,0.022082019,39
946,16.43446089,1.606765328,0,0,0.002114165,0,0.362579281,0.354122622,0.013742072,25.76923058,0.147991543,0.214587738,0.119450317,0.033826638,10.22828947,0.225657895,0.066596195,39
993,19.12789527,2.263846928,0,0,0,0,0.03121853,0.451158107,0.011077543,40.72727201,0.020140987,0.011077543,0.098690836,0.032225579,8.449288256,0.013790036,0.009063444,40
1110,11.45135135,2.381081081,0.005405405,0,0.000900901,0.004504505,0.033333333,0.53963964,0.018918919,28.52380942,0.017117117,0.016216216,0.111711712,0.036936937,4.809307605,0.013999243,0.000900901,40
2377,2.514934792,2.755153555,0.010096761,0,0.003365587,0,0.317206563,0.352124527,0.011358856,30.99999921,0.15902398,0.158182583,0.064366849,0.052166597,0.912811116,0.115132081,0.000841397,40
671,24.84649776,2.005961252,0,0,0,0,0.016393443,0.456035768,0.007451565,61.19999866,0.007451565,0.008941878,0.058122206,0.017883756,12.38632987,0.008172363,0.001490313,41
712,31.9002809,2.036516854,0,0,0,0,0.015449438,0.411516854,0.008426966,48.83333503,0.008426966,0.007022472,0.063202247,0.016853933,15.66413793,0.007586207,0.001404494,41
985,9.731979695,2.103553299,0.021319797,0,0,0.001015228,0.182741117,0.461928934,0.014213198,32.49999993,0.100507614,0.082233503,0.137055838,0.024365482,4.626447876,0.086872587,0.018274111,41
636,-0.256289308,2.26572327,0,0.006289308,0.003144654,0.004716981,0.158805031,0.372641509,0.01572327,23.70000064,0.073899371,0.08490566,0.287735849,0.033018868,-0.113115892,0.070090215,0.011006289,41
450,14.33555556,1.286666667,0,0,0,0,0.142222222,0,0,70,0.102222222,0.04,0.293333333,0.013333333,11.14162349,0.110535406,0.062222222,41
481,-22.6985447,1.182952183,0.126819127,0,0.002079002,0,0.286902287,0.164241164,0.006237006,26.3333343,0.145530146,0.141372141,0.079002079,0.022869023,-19.18804921,0.242530756,0.004158005,41
686,28.40670554,2.042274052,0,0,0.001457726,0,0.017492711,0.327988338,0.008746356,37.49999863,0.010204082,0.00728863,0.214285714,0.020408163,13.90935046,0.00856531,0.002915452,42
784,16.30739796,2.090561224,0,0.00127551,0,0.005102041,0.036989796,0.519132653,0.017857143,29.07142834,0.016581633,0.020408163,0.084183673,0.042091837,7.800488103,0.017693716,0.00382653,43
539,-3.079777365,1.406307978,0.057513915,0,0,0,0.031539889,0.621521336,0.016697588,37.22222252,0.016697588,0.014842301,0.170686456,0.037105751,-2.189973615,0.022427441,0.001855287,43
1857,10.47819063,2.822832526,0,0.002154012,0.004308024,0,0.28002154,0.489499192,0.013462574,36.3600001,0.152934841,0.127086699,0.054388799,0.056542811,3.711942007,0.099198779,0.025848142,43
1184,10.79814189,2.432432432,0,0.008445946,0.000844595,0.000844595,0.022804054,0.482263514,0.014358108,33.58823558,0.011824324,0.01097973,0.069256757,0.026182432,4.439236111,0.009375,0.000844594,44
722,-13.12603878,1.804709141,0.084487535,0,0,0,0.29501385,0.570637119,0.015235457,37.4545456,0.148199446,0.146814404,0.103878116,0.045706371,-7.273215656,0.163468918,0.001385042,44
513,14.25730994,2.38791423,0.021442495,0,0,0,0.040935673,0.602339181,0.023391813,25.74999984,0.01754386,0.023391813,0.311890838,0.04288499,5.970612245,0.017142857,0.005847953,44
654,1.918960245,2.605504587,0.010703364,0,0.00764526,0,0.414373089,0.47706422,0.010703364,44.5714282,0.204892966,0.209480122,0.194189602,0.044342508,0.736502347,0.159037559,0.004587156,44
1258,24.8481717,2.458664547,0,0.0063593,0.001589825,0,0.02782194,0.622416534,0.019077901,32.62500073,0.010333863,0.017488076,0.16136725,0.029411765,10.10636922,0.011315875,0.007154213,45
1287,3.487179487,1.738150738,0,0.005439005,0.001554002,0,0.261849262,0.56954157,0.017094017,33.31818203,0.128982129,0.132867133,0.068376068,0.038850039,2.006258382,0.15064819,0.003885004,45
1703,3.819142689,2.277745156,0,0.002348796,0.000587199,0.00645919,0.019964768,0.409277745,0.01233118,33.1904769,0.008220787,0.011743981,0.145038168,0.020551967,1.676720804,0.008765146,0.003523194,45
624,23.11698718,1.998397436,0,0.001602564,0,0,0.030448718,0.407051282,0.009615385,42.33333163,0.016025641,0.014423077,0.118589744,0.033653846,11.56776263,0.015236568,0.001602564,46
521,4.840690979,1.892514395,0,0.047984645,0,0,0.042226488,0.43378119,0.015355086,28.25000068,0.019193858,0.02303263,0.186180422,0.044145873,2.557809331,0.022312373,0.003838772,46
714,-1.239495798,1.834733894,0.043417367,0.00140056,0,0.00140056,0.271708683,0.693277311,0.026610644,26.05263183,0.147058824,0.12464986,0.173669468,0.049019608,-0.675572519,0.148091603,0.022408964,46
891,30.63075196,2.189674523,0,0.003367003,0,0,0.029180696,0.971941639,0.023569024,41.2380945,0.015712682,0.013468013,0.129068462,0.029180696,13.98872373,0.013326499,0.002244669,46
984,3.033536585,2.862804878,0.022357724,0,0,0.00304878,0.31097561,0.879065041,0.027439024,32.03703751,0.129065041,0.181910569,0.183943089,0.053861789,1.059637913,0.108626198,0.052845528,46
571,-5.65323993,1.23117338,0.019264448,0,0,0.014010508,0.458844133,0.357267951,0.012259194,29.14285809,0.218914186,0.239929947,0.138353765,0.04028021,-4.591749644,0.372688478,0.021015761,46
720,27.1125,1.784722222,0,0.001388889,0,0,0.276388889,0.479166667,0.015277778,31.36363593,0.134722222,0.141666667,0.069444444,0.044444444,15.19143969,0.154863813,0.006944445,46
811,26.648582,2.803945746,0,0,0,0.007398274,0.325524044,0.669543773,0.017262639,38.78571364,0.163995068,0.161528977,0.214549938,0.046855734,9.503957784,0.116094987,0.002466091,46
1182,6.584602369,1.695431472,0,0.000846024,0.005076142,0,0.186971235,0.5321489,0.017766497,29.95238172,0.102368866,0.084602369,0.131979695,0.0642978,3.883732535,0.110279441,0.017766497,47
804,11.20024876,2.104477612,0,0.008706468,0,0.002487562,0.047263682,0.834577114,0.031094527,26.8400003,0.02238806,0.024875622,0.149253731,0.052238806,5.322104019,0.022458629,0.002487562,48
229,-12.09606987,1.580786026,0.061135371,0,0.004366812,0,0.165938865,0.174672489,0.008733624,20.00000103,0.03930131,0.126637555,0.15720524,0.048034934,-7.651933702,0.104972376,0.087336245,48
1209,9.768403639,2.451612903,0,0.005789909,0.014061208,0.00248139,0.038047974,0.720430108,0.020678246,34.84000084,0.025641026,0.012406948,0.181141439,0.043837883,3.984480432,0.015519568,0.013234078,48
374,-2.205882353,2.489304813,0.034759358,0,0.005347594,0.002673797,0.259358289,0.668449198,0.021390374,31.25000049,0.13368984,0.125668449,0.14171123,0.064171123,-0.886143931,0.104189044,0.008021391,48
723,10.68326418,1.543568465,0.020746888,0,0,0,0.034578147,0.370677732,0.015214385,24.3636356,0.019363762,0.015214385,0.226832642,0.044260028,6.921146953,0.022401434,0.004149377,48
110,-37.17272727,1.527272727,0.190909091,0,0,0,0.145454545,0.645454545,0.027272727,23.66666689,0,0.145454545,0.154545455,0.045454545,-24.33928571,0.095238095,0.145454545,48
348,-19.68678161,2.068965517,0.117816092,0,0,0,0.238505747,0.32183908,0.014367816,22.40000011,0.120689655,0.117816092,0.16954023,0.068965517,-9.515277778,0.115277778,0.002873563,48
178,-22.58988764,1.106741573,0.117977528,0,0,0,0.095505618,0.275280899,0.011235955,24.50000013,0.078651685,0.016853933,0.297752809,0.117977528,-20.41116751,0.086294416,0.061797752,48
821,16.1047503,2.138855055,0,0.002436054,0,0.007308161,0.025578563,0.531059683,0.012180268,43.59999985,0.015834348,0.009744214,0.114494519,0.028014616,7.529612756,0.011958998,0.006090134,49
1149,13.18537859,2.377719756,0,0.000870322,0.003481288,0,0.036553525,0.683202785,0.023498695,29.07407348,0.019147084,0.01740644,0.154046997,0.041775457,5.545387994,0.015373353,0.001740644,49
859,8.451688009,2.166472643,0.005820722,0,0,0.020954598,0.032596042,0.478463329,0.016298021,29.35714275,0.017462165,0.015133877,0.18975553,0.032596042,3.901128426,0.015045674,0.002328288,49
997,20.86058175,2.318956871,0,0,0,0.006018054,0.043129388,0.610832497,0.013039117,46.84615507,0.017051153,0.026078235,0.174523571,0.048144433,8.99567474,0.018598616,0.009027082,50
717,15.78521618,2.040446304,0,0.0013947,0.0013947,0,0.032078103,0.629009763,0.013947001,45.10000128,0.018131102,0.013947001,0.111576011,0.030683403,7.736158578,0.015721121,0.004184101,51
674,24.44362018,2.007418398,0,0,0.00148368,0,0.029673591,0.442136499,0.011869436,37.25000067,0.016320475,0.013353116,0.123145401,0.029673591,12.17664449,0.014781966,0.002967359,51
875,22.48685714,2.197714286,0,0.011428571,0.001142857,0,0.018285714,0.441142857,0.010285714,42.88889007,0.002285714,0.016,0.038857143,0.025142857,10.23192928,0.008320333,0.013714286,52
409,-0.953545232,1.621026895,0.009779951,0.002444988,0,0.009779951,0.288508557,1,0.02200489,45.44444439,0.114914425,0.173594132,0.139364303,0.063569682,-0.588235294,0.177978884,0.058679707,52
638,10.40595611,2.982758621,0.015673981,0,0.004702194,0.003134796,0.053291536,1.271159875,0.039184953,32.43999999,0.031347962,0.021943574,0.07523511,0.056426332,3.488702049,0.017866527,0.009404388,52
1023,15.46823069,2.019550342,0.045943304,0.000977517,0,0.002932551,0.203323558,0.54740958,0.017595308,31.11111098,0.102639296,0.100684262,0.043010753,0.041055718,7.659244918,0.100677638,0.001955034,52
1002,31.93912176,2.270459082,0,0,0,0,0.025948104,0.472055888,0.011976048,39.41666633,0.00998004,0.015968064,0.047904192,0.028942116,14.06725275,0.011428571,0.005988024,52
595,5.035294118,1.94789916,0,0.010084034,0.003361345,0,0.040336134,0.835294118,0.021848739,38.23077011,0.021848739,0.018487395,0.201680672,0.045378151,2.584987058,0.020707506,0.003361344,53
439,-17.67653759,1.569476082,0.123006834,0,0,0.004555809,0.266514806,0.728929385,0.022779043,32.0000004,0.118451025,0.148063781,0.125284738,0.045558087,-11.26269956,0.169811321,0.029612756,53
684,33.16520468,2.014619883,0,0,0,0,0.027777778,0.644736842,0.013157895,48.99999901,0.011695906,0.016081871,0.124269006,0.029239766,16.46226415,0.013788099,0.004385965,54
900,14.55666667,2.176666667,0,0.002222222,0.002222222,0,0.026666667,0.525555556,0.012222222,43.00000082,0.015555556,0.011111111,0.096666667,0.027777778,6.687595712,0.012251149,0.004444445,54
1043,3.302013423,1.705656759,0.026845638,0.001917546,0.001917546,0.000958773,0.196548418,0.582933845,0.023969319,24.32000029,0.119846596,0.076701822,0.171620326,0.043144775,1.935919056,0.115233277,0.043144774,54
728,24.0782967,2.048076923,0,0.001373626,0,0,0.021978022,0.620879121,0.010989011,56.49999995,0.006868132,0.01510989,0.083791209,0.020604396,11.75653924,0.010731053,0.008241758,55
839,2.908224076,1.89034565,0.036948749,0,0.001191895,0,0.315852205,0.628128725,0.023837902,26.35000031,0.226460072,0.089392133,0.061978546,0.052443385,1.538461538,0.167087011,0.137067939,55
574,-1.785714286,1.933797909,0.036585366,0.00174216,0,0.00174216,0.043554007,0.62369338,0.022648084,27.53846109,0.017421603,0.026132404,0.261324042,0.045296167,-0.923423423,0.022522523,0.008710801,55
910,40.34175824,2.184615385,0,0.012087912,0,0,0.031868132,0.781318681,0.015384615,50.78571553,0.013186813,0.018681319,0.271428571,0.045054945,18.46629779,0.014587525,0.005494506,55
792,19.94065657,2.095959596,0,0,0,0,0.032828283,0.40530303,0.011363636,35.66666778,0.018939394,0.013888889,0.109848485,0.034090909,9.513855422,0.015662651,0.005050505,56
734,-3.903269755,1.685286104,0.029972752,0,0.004087193,0.004087193,0.427792916,0.467302452,0.014986376,31.18181821,0.192098093,0.235694823,0.046321526,0.046321526,-2.316087308,0.253839935,0.04359673,56
1224,7.536764706,2.433006536,0,0.001633987,0.010620915,0,0.040849673,0.879084967,0.024509804,35.86666654,0.02124183,0.019607843,0.151143791,0.04248366,3.097716588,0.016789792,0.001633987,56
741,30.69095816,2.05802969,0,0,0,0,0.026990553,0.516869096,0.013495277,38.29999903,0.009446694,0.01754386,0.086369771,0.025641026,14.91278689,0.013114754,0.008097166,57
524,-1.669847328,1.215648855,0,0.011450382,0.001908397,0,0.309160305,0.196564885,0.005725191,34.33333229,0.127862595,0.18129771,0.118320611,0.049618321,-1.373626374,0.254317111,0.053435115,57
833,10.60504202,2.147659064,0.012004802,0,0,0.006002401,0.034813926,0.692677071,0.021608643,32.05555624,0.016806723,0.018007203,0.105642257,0.036014406,4.937954164,0.016210173,0.00120048,58
496,-0.610887097,1.647177419,0.002016129,0,0,0.006048387,0.33266129,0.425403226,0.014112903,30.14285764,0.161290323,0.171370968,0.139112903,0.040322581,-0.370869033,0.201958384,0.010080645,58
1170,8.351282051,2.032478632,0,0,0.001709402,0,0.305128205,0.592307692,0.01965812,30.13043424,0.146153846,0.158974359,0.112820513,0.05042735,4.108915055,0.150126156,0.012820513,58
836,12.48444976,2.840909091,0.002392344,0,0,0,0.027511962,0.374401914,0.014354067,26.08333332,0.013157895,0.014354067,0.064593301,0.029904306,4.394526316,0.009684211,0.001196172,58
923,13.78548212,3.141928494,0,0.001083424,0,0,0.032502709,0.632719393,0.016251354,38.93333399,0.019501625,0.013001083,0.121343445,0.033586132,4.387586207,0.010344828,0.006500542,59
589,1.341256367,2.444821732,0,0,0.006791171,0,0.037351443,0.612903226,0.0237691,25.78571448,0.018675722,0.018675722,0.130730051,0.037351443,0.548611111,0.015277778,0,59
194,-48.47938144,1.484536082,0.231958763,0,0,0.015463918,0.190721649,0.664948454,0.036082474,18.42857156,0.134020619,0.056701031,0.056701031,0.056701031,-32.65625,0.128472222,0.077319588,60
852,35.27347418,2.14084507,0.039906103,0,0,0,0.037558685,0.731220657,0.018779343,38.93749941,0.014084507,0.023474178,0.408450704,0.04342723,16.47642544,0.01754386,0.009389671,61
1001,1.8001998,2.26973027,0.03996004,0,0.000999001,0,0.018981019,0.317682318,0.008991009,35.33333333,0.012987013,0.005994006,0.083916084,0.022977023,0.793133803,0.008362676,0.006993007,62
815,5.909202454,2.112883436,0.03803681,0.003680982,0.001226994,0,0.020858896,0.360736196,0.009815951,36.74999967,0.012269939,0.008588957,0.079754601,0.024539877,2.796747967,0.009872242,0.003680982,62
1023,8.234604106,1.820136852,0.008797654,0.000977517,0.000977517,0.00684262,0.016617791,0.157380254,0.004887586,32.19999689,0.008797654,0.007820137,0.286412512,0.024437928,4.524167562,0.009129968,0.000977517,62
730,-2.834246575,2.639726027,0.05890411,0,0,0.001369863,0.368493151,0.490410959,0.019178082,25.57142883,0.139726027,0.228767123,0.082191781,0.039726027,-1.073689673,0.139595226,0.089041096,62
931,8.090225564,1.978517723,0.030075188,0.001074114,0.003222342,0,0.250268528,0.810955961,0.022556391,35.9523809,0.123523093,0.126745435,0.128893663,0.051557465,4.089033659,0.126492942,0.003222342,63
968,39.01756198,2.283057851,0,0.006198347,0,0,0.035123967,0.696280992,0.022727273,30.63636328,0.017561983,0.017561983,0.131198347,0.04338843,17.09004525,0.015384615,0,63
1930,8.77253886,3.354404145,0.001036269,0,0.006735751,0,0.049222798,1.173056995,0.030569948,38.3728816,0.022797927,0.02642487,0.177202073,0.055440415,2.615230151,0.014674081,0.003626943,63
930,7.022580645,2.111827957,0.017204301,0,0.001075269,0,0.1,0.423655914,0.008602151,49.24999736,0.069892473,0.030107527,0.152688172,0.031182796,3.325356415,0.047352342,0.039784946,63
728,-0.921703297,2.451923077,0.019230769,0.012362637,0,0.005494505,0.241758242,0.883241758,0.034340659,25.72000025,0.098901099,0.142857143,0.193681319,0.065934066,-0.375910364,0.09859944,0.043956044,63
1009,7.938553023,3.172447968,0,0.004955401,0.00099108,0.023785927,0.039643211,0.753221011,0.026759167,28.14814867,0.014866204,0.024777007,0.191278494,0.046580773,2.502343018,0.012496095,0.009910803,64
708,14.56073446,2.032485876,0,0.002824859,0,0,0.024011299,0.436440678,0.009887006,44.14285558,0.011299435,0.012711864,0.155367232,0.025423729,7.16400278,0.01181376,0.001412429,65
1157,16.21261884,2.369057908,0,0.001728608,0.004321521,0,0.02247191,0.652549697,0.015557476,41.94444504,0.012100259,0.010371651,0.061365601,0.026793431,6.843487778,0.009485589,0.001728608,66
760,6.264473684,1.814473684,0.023684211,0.002631579,0,0,0.326315789,0.859210526,0.026315789,32.65000058,0.115789474,0.210526316,0.130263158,0.060526316,3.452501813,0.179840464,0.094736842,66
955,3.932984293,2.217801047,0.003141361,0.004188482,0,0.004188482,0.037696335,0.869109948,0.027225131,31.92307681,0.018848168,0.018848168,0.172774869,0.041884817,1.773371105,0.016997167,0,66
358,57.4273743,2.773743017,0,0,0,0.011173184,0.041899441,0.452513966,0.016759777,26.99999922,0.022346369,0.019553073,0.145251397,0.039106145,20.70392749,0.01510574,0.002793296,66
1156,5.672145329,2.368512111,0,0,0.001730104,0.005190311,0.035467128,0.509515571,0.016435986,31.0000003,0.016435986,0.019031142,0.078719723,0.037197232,2.394813733,0.014974434,0.002595156,66
467,11.28051392,2.370449679,0.021413276,0.010706638,0,0.002141328,0.271948608,0.631691649,0.027837259,22.69230778,0.104925054,0.167023555,0.13490364,0.096359743,4.758807588,0.114724481,0.062098501,67
1233,12.19302514,2.270884023,0,0,0.00081103,0,0.0243309,0.354420114,0.00892133,39.72727318,0.0162206,0.0081103,0.124087591,0.03325223,5.369285714,0.010714286,0.0081103,67
769,18.16644993,2.101430429,0,0.007802341,0.00390117,0,0.028608583,0.576072822,0.015604681,36.91666763,0.018205462,0.010403121,0.102730819,0.028608583,8.64480198,0.013613861,0.007802341,68
758,28.70580475,1.569920844,0,0,0,0,0.026385224,0.26121372,0.011873351,21.99999983,0.013192612,0.013192612,0.088390501,0.026385224,18.28487395,0.016806723,0,68
134,-13.91791045,1.029850746,0.074626866,0,0,0,0.335820896,1.02238806,0.029850746,34.25000032,0.134328358,0.201492537,0.291044776,0.029850746,-13.51449275,0.326086957,0.067164179,69
729,-1.742112483,3.046639232,0.042524005,0.002743484,0.001371742,0.021947874,0.037037037,0.691358025,0.024691358,28.00000004,0.020576132,0.016460905,0.244170096,0.035665295,-0.571814498,0.012156686,0.004115227,69
777,4.09009009,1.857142857,0.006435006,0,0.002574003,0.001287001,0.271557272,0.854568855,0.024453024,34.94736909,0.149292149,0.122265122,0.290862291,0.045045045,2.202356202,0.146223146,0.027027027,69
1174,5.770868825,1.782793867,0,0,0.018739353,0,0.289608177,0.591993186,0.019591141,30.21739193,0.176320273,0.113287905,0.149063032,0.050255537,3.236980411,0.162446249,0.063032368,69
603,5.313432836,2.222222222,0.004975124,0,0.006633499,0.008291874,0.286898839,0.877280265,0.026533997,33.06249959,0.157545605,0.129353234,0.278606965,0.044776119,2.391044776,0.129104478,0.028192371,70
806,2.241935484,2.106699752,0,0,0.006203474,0,0.023573201,0.368486352,0.012406948,29.69999971,0.009925558,0.013647643,0.136476427,0.02853598,1.064193168,0.011189635,0.003722085,71
753,3.657370518,2.066401062,0,0.059760956,0,0,0.026560425,0.512616202,0.011952191,42.88888974,0.015936255,0.01062417,0.062416999,0.030544489,1.769922879,0.01285347,0.005312085,72
1245,26.22168675,2.476305221,0,0.023293173,0.003212851,0,0.037751004,0.846586345,0.024096386,35.13333265,0.021686747,0.016064257,0.106827309,0.053815261,10.58903665,0.015244891,0.00562249,72
654,7.117737003,2.493883792,0.029051988,0.003058104,0.003058104,0.010703364,0.048929664,1.168195719,0.041284404,28.29629608,0.021406728,0.027522936,0.163608563,0.050458716,2.854077253,0.019619865,0.006116208,72
992,-2.224798387,1.998991935,0.057459677,0,0.002016129,0.007056452,0.266129032,0.675403226,0.024193548,27.91666712,0.137096774,0.129032258,0.172379032,0.039314516,-1.112960161,0.133131619,0.008064516,72
290,38.93448276,2.224137931,0,0,0,0,0.037931034,0.286206897,0.006896552,41.49999841,0.020689655,0.017241379,0.089655172,0.037931034,17.50542636,0.017054264,0.003448276,72
748,22.92647059,2.062834225,0.021390374,0,0,0.002673797,0.037433155,0.715240642,0.024064171,29.72222239,0.018716578,0.018716578,0.088235294,0.04144385,11.11406351,0.018146468,0,72
786,25.17430025,2.114503817,0,0,0,0,0.026717557,0.559796438,0.012722646,44.0000011,0.015267176,0.011450382,0.097964377,0.029262087,11.9055355,0.012635379,0.003816794,73
505,20.40792079,2.883168317,0,0.001980198,0,0,0.033663366,0.530693069,0.00990099,53.60000051,0.01980198,0.013861386,0.140594059,0.033663366,7.078296703,0.011675824,0.005940594,73
1264,16.34889241,2.652689873,0.041139241,0,0.000791139,0,0.295094937,0.568829114,0.015031646,37.84210418,0.139240506,0.15585443,0.167721519,0.055379747,6.163137489,0.111243662,0.016613924,73
1194,-1.344221106,2.886934673,0.029313233,0,0,0.007537688,0.278894472,0.788107203,0.024288107,32.44827615,0.128140704,0.150753769,0.19681742,0.052763819,-0.46562228,0.096605744,0.022613065,73
859,4.493597206,2.146682189,0.012805588,0.003492433,0.001164144,0,0.022118743,0.541327125,0.012805588,42.27272695,0.013969732,0.00814901,0.04540163,0.025611176,2.093275488,0.010303688,0.005820722,74
1096,3.373175182,2.339416058,0.018248175,0.001824818,0.000912409,0.003649635,0.023722628,0.41879562,0.01459854,28.68750026,0.012773723,0.010948905,0.085766423,0.028284672,1.441887676,0.010140406,0.001824818,74
909,31.80418042,2.183718372,0,0.00550055,0,0,0.02970297,0.595159516,0.01650165,36.06666703,0.0110011,0.01870187,0.081408141,0.0330033,14.56423174,0.013602015,0.00770077,74
953,5.40818468,1.47429171,0,0.001049318,0.008394544,0,0.138509969,0.503672613,0.016789087,30.00000018,0.077649528,0.060860441,0.032528856,0.0409234,3.668327402,0.093950178,0.016789087,74
1141,2.578439965,2.097283085,0.011393514,0,0.001752848,0.000876424,0.326029798,0.721297108,0.021034181,34.29166593,0.14636284,0.179666959,0.248028046,0.036809816,1.229419139,0.155453406,0.033304119,75
754,5.775862069,2.237400531,0,0,0,0.00928382,0.395225464,0.49071618,0.013262599,37.00000128,0.201591512,0.193633952,0.212201592,0.041114058,2.581505631,0.176644932,0.00795756,75
428,-8.810747664,1.621495327,0.049065421,0,0,0,0.156542056,0.434579439,0.01635514,26.57142886,0.079439252,0.077102804,0.03271028,0.035046729,-5.433717579,0.096541787,0.002336448,76
969,7.812177503,2.228070175,0.083591331,0.001031992,0,0,0.029927761,0.456140351,0.011351909,40.18181885,0.016511868,0.013415893,0.138286894,0.031991744,3.506252895,0.013432145,0.003095975,76
714,37.41596639,2.086834734,0,0,0,0,0.022408964,0.620448179,0.012605042,49.22222227,0.011204482,0.011204482,0.072829132,0.028011204,17.9295302,0.010738255,0,77
418,-17.65789474,1.133971292,0.064593301,0.002392344,0.016746411,0.009569378,0.433014354,0.485645933,0.009569378,50.74999995,0.19138756,0.241626794,0.184210526,0.031100478,-15.57172996,0.38185654,0.050239234,77
753,32.87383798,2.090305445,0,0,0,0,0.029216467,0.754316069,0.014608234,51.63636268,0.013280212,0.015936255,0.100929615,0.029216467,15.72681067,0.013977128,0.002656043,78
688,-4.521802326,2.018895349,0.042151163,0,0,0,0.039244186,0.738372093,0.023255814,31.74999994,0.01744186,0.021802326,0.191860465,0.040697674,-2.239740821,0.019438445,0.004360466,78
927,-6.765911543,2.197411003,0.055016181,0,0,0,0.050701187,0.978425027,0.024811219,39.43478259,0.02373247,0.026968716,0.177993528,0.05609493,-3.079037801,0.023073147,0.003236246,78
688,16.98982558,1.779069767,0,0,0,0,0.268895349,0.32994186,0.011627907,28.3749999,0.130813953,0.138081395,0.069767442,0.037790698,9.549836601,0.151143791,0.007267442,79
808,13.87252475,2.107673267,0,0,0,0.003712871,0.01980198,0.438118812,0.012376238,35.39999893,0.013613861,0.006188119,0.603960396,0.032178218,6.581914269,0.009395185,0.007425742,80
630,-6.3,2.625396825,0.050793651,0,0.001587302,0,0.384126984,0.520634921,0.017460317,29.81818263,0.13968254,0.244444444,0.147619048,0.028571429,-2.399637243,0.146311971,0.104761904,80
987,6.269503546,1.634245187,0.00810537,0.001013171,0.001013171,0.004052685,0.178318136,0.235055724,0.009118541,25.77777783,0.074974671,0.103343465,0.126646403,0.025329281,3.83632982,0.109113453,0.028368794,80
698,25.35673352,2.025787966,0,0,0,0,0.02722063,0.544412607,0.010028653,54.28571584,0.014326648,0.012893983,0.054441261,0.031518625,12.51697313,0.013437058,0.001432665,81
823,12.90886999,2.280680437,0.001215067,0.002430134,0.008505468,0.007290401,0.037667072,0.839611179,0.024301337,34.54999941,0.013365735,0.024301337,0.136087485,0.043742406,5.660095898,0.016515717,0.010935602,81
709,-0.126939351,2.033850494,0,0.047954866,0,0,0.039492243,0.904090268,0.026798307,33.7368427,0.022566996,0.016925247,0.117066291,0.04090268,-0.062413315,0.019417476,0.005641749,82
1174,15.6516184,2.427597956,0.016183986,0,0,0,0.023850085,0.595400341,0.016183986,36.78947455,0.008517888,0.015332198,0.06132879,0.026405451,6.447368421,0.009824561,0.00681431,83
1507,3.256801593,2.131386861,0.01924353,0,0.00265428,0,0.02189781,0.422694094,0.01459854,28.95454573,0.01194426,0.00995355,0.055076311,0.02388852,1.528019925,0.010273973,0.00199071,83
1218,19.06403941,1.917077176,0,0,0,0,0.033661741,0.81773399,0.017241379,47.42857227,0.017241379,0.016420361,0.082922824,0.033661741,9.944325482,0.017558887,0.000821018,83
787,15.23252859,2.092757306,0,0.005082592,0,0,0.059720457,0.688691233,0.021601017,31.88235225,0.030495553,0.029224905,0.182973316,0.066073698,7.278688525,0.028536733,0.001270648,84
896,21.98325893,2.174107143,0.004464286,0.002232143,0,0,0.045758929,0.793526786,0.0234375,33.85714287,0.018973214,0.026785714,0.15625,0.053571429,10.1113963,0.021047228,0.0078125,84
759,7.852437418,3.117259552,0,0,0,0.005270092,0.044795784,0.77997365,0.018445323,42.28571384,0.023715415,0.021080369,0.127799736,0.054018445,2.519019442,0.014370245,0.002635046,84
1009,31.92269574,2.258671952,0,0.001982161,0.001982161,0,0.026759167,0.419226957,0.012884044,32.53846052,0.015857284,0.010901883,0.096134787,0.025768087,14.13339184,0.011847301,0.004955401,85
1114,-1.692100539,2.337522442,0.026032316,0,0.000897666,0.00448833,0.026929982,0.411131059,0.014362657,28.62500017,0.017055655,0.009874327,0.126570916,0.027827648,-0.723886329,0.011520737,0.007181328,85
590,17.95084746,2.523728814,0,0,0,0,0.23220339,0.037288136,0.003389831,10.99999853,0.106779661,0.125423729,0.038983051,0.042372881,7.112827401,0.092008059,0.018644068,85
756,17.66798942,2.068783069,0,0,0,0.002645503,0.01984127,0.488095238,0.010582011,46.12499817,0.007936508,0.011904762,0.079365079,0.021164021,8.54028133,0.009590793,0.003968254,85
852,11.56455399,2.14084507,0,0.005868545,0,0,0.023474178,0.573943662,0.015258216,37.61538452,0.011737089,0.011737089,0.09741784,0.024647887,5.401864035,0.010964912,0,86
917,5.799345692,1.910577972,0.023991276,0.005452563,0.001090513,0,0.212649945,0.60087241,0.020719738,29.00000039,0.071973828,0.140676118,0.044711014,0.05997819,3.035388128,0.11130137,0.06870229,86
222,25.32882883,2.675675676,0,0,0,0.013513514,0.045045045,0.238738739,0.009009009,26.50000006,0.027027027,0.018018018,0.09009009,0.045045045,9.466329966,0.016835017,0.009009009,86
688,16.40843023,2.018895349,0,0,0,0.002906977,0.027616279,0.643895349,0.013081395,49.22222355,0.010174419,0.01744186,0.129360465,0.029069767,8.127429806,0.013678906,0.007267441,87
498,3.813253012,1.875502008,0.042168675,0.012048193,0.002008032,0,0.026104418,0.248995984,0.012048193,20.66666628,0.010040161,0.016064257,0.15060241,0.030120482,2.033190578,0.01391863,0.006024096,87
425,22.17882353,2.028235294,0,0,0,0,0.265882353,0.174117647,0.004705882,37.00000276,0.115294118,0.150588235,0.004705882,0.035294118,10.9350348,0.131090487,0.035294117,87
589,24.77079796,1.943972835,0,0,0,0.008488964,0.018675722,0.465195246,0.010186757,45.66666762,0.006791171,0.01188455,0.045840407,0.020373514,12.74235808,0.009606987,0.005093379,88
718,25.79247911,2.090529248,0,0.001392758,0,0,0.02367688,0.550139276,0.011142061,49.37500127,0.011142061,0.012534819,0.082172702,0.027855153,12.33777482,0.011325783,0.001392758,88
858,6.828671329,2.145687646,0,0.002331002,0,0.009324009,0.054778555,0.909090909,0.032634033,27.85714254,0.025641026,0.029137529,0.164335664,0.061771562,3.182509506,0.025529603,0.003496503,88
845,9.995266272,1.384615385,0,0,0.002366864,0,0.170414201,0.265088757,0.007100592,37.33333178,0.113609467,0.056804734,0.071005917,0.046153846,7.218803419,0.123076923,0.056804733,88
1117,-2.401074306,1.592658908,0.017905103,0.003581021,0,0,0.252461952,0.515666965,0.014324082,36.00000091,0.120859445,0.131602507,0.047448523,0.039391226,-1.507588533,0.15851602,0.010743062,88
694,22.32708934,2.074927954,0,0,0.001440922,0,0.038904899,0.778097983,0.017291066,45.00000075,0.021613833,0.017291066,0.134005764,0.044668588,10.76041667,0.01875,0.004322767,89
713,13.34361851,1.765778401,0.033660589,0,0.001402525,0.001402525,0.208976157,0.778401122,0.033660589,23.12500004,0.12342216,0.085553997,0.026647966,0.116409537,7.556791104,0.118347895,0.037868163,89
843,20.69276394,2.134045077,0,0.002372479,0,0,0.028469751,0.518386714,0.013048636,39.72727218,0.010676157,0.017793594,0.163701068,0.036773428,9.696498054,0.013340745,0.007117437,90
542,8.750922509,1.97601476,0.014760148,0.005535055,0.003690037,0.001845018,0.042435424,0.5,0.020295203,24.63636358,0.014760148,0.027675277,0.405904059,0.046125461,4.428571429,0.021475257,0.012915129,90
996,25.90060241,2.248995984,0,0.010040161,0.001004016,0,0.037148594,0.822289157,0.022088353,37.22727344,0.020080321,0.017068273,0.192771084,0.042168675,11.51651786,0.016517857,0.003012048,90
1027,16.38558909,2.271665044,0,0,0.00097371,0.004868549,0.030185005,0.47030185,0.009737098,48.3000017,0.016553067,0.013631938,0.167478092,0.031158715,7.213030433,0.013287613,0.002921129,91
484,-1.890495868,2.22107438,0,0,0,0.01446281,0.202479339,0.376033058,0.012396694,30.33333387,0.132231405,0.070247934,0.458677686,0.037190083,-0.851162791,0.091162791,0.061983471,92
732,-4.463114754,3.047814208,0.009562842,0.00273224,0.028688525,0.006830601,0.035519126,0.471311475,0.016393443,28.74999931,0.019125683,0.016393443,0.378415301,0.039617486,-1.464365755,0.011653967,0.00273224,92
1519,0.868992758,2.623436471,0.040157999,0,0,0,0.019091508,0.506912442,0.011191573,45.29411924,0.011849901,0.007241606,0.075707702,0.021066491,0.331242158,0.00727729,0.004608295,93
419,-0.906921241,3.143198091,0.112171838,0.00477327,0,0,0.150357995,0.064439141,0.002386635,26.99999832,0.088305489,0.062052506,0.102625298,0.028639618,-0.288534548,0.047835991,0.026252983,94
174,-47.27011494,2.557471264,0.103448276,0.040229885,0,0.097701149,0.097701149,0.408045977,0.017241379,23.66666709,0.045977011,0.051724138,0.195402299,0.028735632,-18.48314607,0.038202247,0.005747127,94
2583,1.542392567,2.984901278,0.015873016,0,0.000774293,0,0.015873016,0.229190863,0.008904375,25.7391297,0.009291521,0.006581494,0.04258614,0.016260163,0.516731518,0.005317769,0.002710027,95
1381,8.386676322,2.535843592,0,0.001448226,0.001448226,0,0.01955105,0.519913106,0.01230992,42.23529527,0.00724113,0.01230992,0.049963794,0.018826937,3.307252998,0.00770988,0.00506879,95
859,25.44819558,1.437718277,0,0,0,0,0.119906868,0.301513388,0.004656577,64.75000585,0.048894063,0.071012806,0.048894063,0.024447031,17.70040486,0.08340081,0.022118743,95
553,-13.82640145,1.707052441,0.074141049,0.001808318,0,0.016274864,0.209764919,0.714285714,0.023508137,30.38461593,0.110307414,0.099457505,0.032549729,0.028933092,-8.099576271,0.122881356,0.010849909,95
632,22.83702532,1.976265823,0,0,0,0.009493671,0.033227848,0.856012658,0.014240506,60.11111248,0.014240506,0.018987342,0.066455696,0.033227848,11.55564452,0.016813451,0.004746836,96
824,22.11771845,2.120145631,0,0.003640777,0,0,0.02184466,0.671116505,0.013349515,50.27272564,0.012135922,0.009708738,0.053398058,0.024271845,10.43216943,0.010303377,0.002427184,96
1134,10.52469136,1.899470899,0.019400353,0,0.00617284,0.001763668,0.040564374,0.759259259,0.023809524,31.88888862,0.023809524,0.01675485,0.204585538,0.044091711,5.540854225,0.021355617,0.007054674,96
874,25.71510297,2.027459954,0.011441648,0.00228833,0,0,0.33180778,0.649885584,0.02173913,29.89473746,0.156750572,0.175057208,0.201372998,0.07208238,12.68340858,0.163656885,0.018306636,96
724,36.91298343,2.093922652,0,0,0,0,0.024861878,0.63121547,0.013812155,45.69999902,0.016574586,0.008287293,0.098066298,0.027624309,17.62862797,0.011873351,0.008287293,97
844,-0.183649289,1.928909953,0.004739336,0.004739336,0,0.008293839,0.281990521,0.658767773,0.018957346,34.74999997,0.090047393,0.191943128,0.193127962,0.047393365,-0.095208845,0.146191646,0.101895735,97
904,3.655973451,2.217920354,0.034292035,0,0.002212389,0,0.023230088,0.353982301,0.011061947,31.99999973,0.013274336,0.009955752,0.503318584,0.034292035,1.648379052,0.010473815,0.003318584,98
825,20.39515152,2.121212121,0,0,0,0,0.027878788,0.56969697,0.00969697,58.7499982,0.015757576,0.012121212,0.100606061,0.029090909,9.614857143,0.013142857,0.003636364,99
1076,30.1830855,2.308550186,0,0,0.001858736,0.005576208,0.027881041,0.396840149,0.013011152,30.500001,0.016728625,0.011152416,0.086431227,0.028810409,13.07447665,0.012077295,0.005576209,99
904,-1.653761062,1.439159292,0,0.003318584,0,0.015486726,0.171460177,0.532079646,0.012168142,43.72727126,0.10619469,0.065265487,0.03539823,0.029867257,-1.149116065,0.119139124,0.040929203,99
664,-1.106927711,1.310240964,0.013554217,0,0.001506024,0.003012048,0.225903614,0.590361446,0.019578313,30.15384655,0.128012048,0.097891566,0.103915663,0.028614458,-0.844827586,0.172413793,0.030120482,99
511,9.612524462,2.545988258,0.033268102,0,0.001956947,0,0.270058708,0.348336595,0.015655577,22.25000043,0.076320939,0.193737769,0.14481409,0.054794521,3.775557264,0.106072252,0.11741683,100
892,20.73206278,2.19058296,0,0,0,0.007847534,0.038116592,0.69058296,0.013452915,51.33333259,0.019058296,0.019058296,0.294843049,0.049327354,9.464176049,0.017400205,0,101
810,9.396296296,2.130864198,0,0.022222222,0.003703704,0,0.028395062,0.411111111,0.014814815,27.74999965,0.018518519,0.009876543,0.391358025,0.035802469,4.409617613,0.013325608,0.008641976,101
200,1.005,2.335,0.02,0,0,0.005,0.215,0.795,0.025,31.8,0.12,0.095,0.02,0.04,0.430406852,0.092077088,0.025,101
911,7.367727772,2.463227223,0,0.008781559,0.003293085,0,0.030735456,0.498353458,0.012074643,41.27272815,0.014270033,0.016465423,0.256860593,0.039517014,2.991087344,0.012477718,0.00219539,101
975,5.103589744,2.861538462,0.003076923,0,0.003076923,0.009230769,0.278974359,0.602051282,0.018461538,32.61111192,0.156923077,0.122051282,0.218461538,0.052307692,1.783512545,0.097491039,0.034871795,101
497,5.428571429,1.875251509,0,0,0,0.018108652,0.028169014,0.507042254,0.012072435,41.99999867,0.010060362,0.018108652,0.390342052,0.034205231,2.894849785,0.015021459,0.00804829,101
754,7.102122016,2.183023873,0.022546419,0,0,0,0.339522546,0.531830239,0.015915119,33.41666745,0.167108753,0.172413793,0.116710875,0.062334218,3.253341434,0.155528554,0.00530504,101
979,0.592441267,2.235955056,0.031664964,0.00102145,0.002042901,0.003064351,0.040858018,0.828396323,0.023493361,35.26086893,0.018386108,0.02247191,0.123595506,0.04494382,0.264961169,0.018273184,0.004085802,102
774,17.79715762,2.105943152,0,0,0,0.006459948,0.023255814,0.518087855,0.011627907,44.55555544,0.012919897,0.010335917,0.063307494,0.027131783,8.450920245,0.011042945,0.00258398,103
1027,17.94352483,2.271665044,0,0.005842259,0.00194742,0,0.025316456,0.507302824,0.012658228,40.07692262,0.016553067,0.008763389,0.05842259,0.025316456,7.898842692,0.011144449,0.007789678,103
885,3.261016949,2.186440678,0.007909605,0.001129944,0.002259887,0.005649718,0.033898305,0.95480226,0.023728814,40.2380945,0.013559322,0.020338983,0.137853107,0.037288136,1.491472868,0.015503876,0.006779661,103
470,-15.16808511,1.636170213,0.09787234,0,0.004255319,0,0.280851064,0.406382979,0.023404255,17.36363661,0.153191489,0.127659574,0.168085106,0.046808511,-9.270481144,0.171651495,0.025531915,103
422,-4.684834123,2.530805687,0.059241706,0,0.002369668,0.002369668,0.22985782,0.898104265,0.018957346,47.37499991,0.168246445,0.061611374,0.220379147,0.04028436,-1.851123596,0.09082397,0.106635071,103
884,19.55316742,2.165158371,0,0,0.003393665,0,0.031674208,0.889140271,0.019230769,46.23529465,0.012443439,0.019230769,0.084841629,0.037330317,9.030825496,0.014629049,0.00678733,104
887,-8.919954904,2.667418264,0.080045096,0.003382187,0,0,0.030439684,0.689966178,0.020293123,33.9999998,0.012401353,0.018038331,0.105975197,0.033821871,-3.344040575,0.011411665,0.005636978,104
331,-17.12386707,2.480362538,0.087613293,0,0.003021148,0,0.271903323,1.274924471,0.042296073,30.14285678,0.114803625,0.157099698,0.145015106,0.099697885,-6.903775883,0.109622412,0.042296073,104
1421,5.223082336,1.804363125,0.011963406,0,0.002111189,0,0.130893737,0.640394089,0.019704433,32.50000084,0.080928923,0.049964814,0.026038001,0.050668543,2.894695788,0.072542902,0.030964109,104
702,32.34045584,2.028490028,0,0,0,0,0.024216524,0.727920228,0.015669516,46.45454448,0.012820513,0.011396011,0.116809117,0.025641026,15.94311798,0.011938202,0.001424502,105
1032,12.04748062,2.292635659,0,0,0,0.012596899,0.036821705,0.561046512,0.022286822,25.17391273,0.018410853,0.018410853,0.189922481,0.03875969,5.254860524,0.016060862,0,105
523,27.00573614,2.896749522,0,0,0,0.003824092,0.028680688,0.636711281,0.015296367,41.6250003,0.015296367,0.013384321,0.116634799,0.030592734,9.322772277,0.00990099,0.001912046,105
1036,15.09362934,1.616795367,0,0,0.001930502,0,0.233590734,0.276061776,0.00965251,28.59999896,0.131274131,0.102316602,0.333011583,0.031853282,9.335522388,0.144477612,0.028957529,105
801,28.46691635,2.102372035,0,0,0,0,0.024968789,0.52309613,0.008739076,59.85714394,0.008739076,0.016229713,0.06741573,0.024968789,13.54038005,0.011876485,0.007490637,106
1106,1.000904159,2.839963834,0.008137432,0.009041591,0.000904159,0.009041591,0.026220615,0.537070524,0.018987342,28.28571392,0.016274864,0.00994575,0.08318264,0.028028933,0.35243553,0.009232728,0.006329114,106
643,26.50699844,2.98600311,0.00622084,0.01399689,0,0,0.034214619,1.079315708,0.024883359,43.37500046,0.018662519,0.0155521,0.116640747,0.034214619,8.877083333,0.011458333,0.003110419,106
953,2.26023085,2.405036726,0.023084995,0,0.006295908,0.001049318,0.334732424,0.488982162,0.016789087,29.12500019,0.184679958,0.150052466,0.130115425,0.043022036,0.939790576,0.139179756,0.034627492,106
730,26.48082192,2.073972603,0,0.002739726,0,0,0.026027397,0.597260274,0.012328767,48.44444493,0.015068493,0.010958904,0.067123288,0.028767123,12.7681638,0.012549538,0.004109589,107
932,0.357296137,2.022532189,0.032188841,0.002145923,0.001072961,0,0.212446352,0.681330472,0.025751073,26.45833329,0.115879828,0.096566524,0.16416309,0.071888412,0.176657825,0.105039788,0.019313304,107
1128,14.47606383,2.110815603,0.011524823,0,0.00177305,0.003546099,0.162234043,0.67287234,0.023049645,29.19230817,0.090425532,0.071808511,0.031028369,0.087765957,6.858042839,0.076858463,0.018617021,107
1892,8.928646934,2.399577167,0.002642706,0,0.005285412,0.002642706,0.029069767,0.597780127,0.01744186,34.2727282,0.014270613,0.014799154,0.0602537,0.037526427,3.72092511,0.012114537,0.000528541,107
670,6.076119403,1.504477612,0,0.019402985,0,0,0.040298507,0.828358209,0.025373134,32.64705925,0.020895522,0.019402985,0.050746269,0.059701493,4.038690476,0.026785714,0.001492537,107
650,-5.767692308,1.761538462,0.056923077,0,0,0,0.163076923,0.389230769,0.012307692,31.62500077,0.063076923,0.1,0.136923077,0.030769231,-3.274235808,0.092576419,0.036923077,108
819,19.31623932,2.115995116,0,0,0,0,0.026862027,0.467643468,0.013431013,34.81818296,0.014652015,0.012210012,0.139194139,0.026862027,9.128678592,0.012694749,0.002442003,108
785,-8.170700637,2.812738854,0.052229299,0,0,0,0.127388535,0.308280255,0.007643312,40.3333339,0.082802548,0.044585987,0.267515924,0.024203822,-2.904891304,0.045289855,0.038216561,108
591,14.53807107,2.225042301,0,0,0,0,0.143824027,0.131979695,0.003384095,38.99999705,0.10998308,0.033840948,0.054145516,0.023688663,6.533840304,0.064638783,0.076142132,108
105,-67.56190476,1.838095238,0.295238095,0,0,0.047619048,0.219047619,0.104761905,0.028571429,3.66666662,0.219047619,0,0.076190476,0.047619048,-36.75647668,0.119170984,0.219047619,109
224,-17.74553571,1.852678571,0.0625,0.008928571,0.008928571,0.013392857,0.28125,0.794642857,0.017857143,44.49999964,0.15625,0.125,0.053571429,0.058035714,-9.578313253,0.151807229,0.03125,109
123,-26.63414634,0.918699187,0.113821138,0.008130081,0,0.016260163,0.154471545,0.682926829,0.016260163,41.99999895,0.138211382,0.016260163,0.048780488,0.056910569,-28.99115044,0.168141593,0.121951219,109
727,-0.92434663,2.547455296,0.039889959,0.002751032,0.001375516,0,0.041265475,0.477303989,0.013755158,34.70000047,0.020632737,0.020632737,0.148555708,0.049518569,-0.362850972,0.016198704,0,109
583,28.44596913,1.939965695,0,0,0,0,0.042881647,0.475128645,0.012006861,39.57142879,0.018867925,0.024013722,0.065180103,0.04974271,14.66312997,0.022104332,0.005145797,110
1470,6.306802721,2.617006803,0.004081633,0.004761905,0.000680272,0.001360544,0.019727891,0.349659864,0.010884354,32.12499924,0.00952381,0.010204082,0.074829932,0.021768707,2.409929815,0.007538342,0.000680272,111
464,-12.35991379,2.185344828,0.088362069,0,0,0,0.109913793,0.310344828,0.010775862,28.80000022,0.060344828,0.049568966,0.043103448,0.021551724,-5.65581854,0.050295858,0.010775862,111
1488,9.334005376,2.641129032,0,0,0.001344086,0.007392473,0.038978495,0.576612903,0.012768817,45.15789544,0.022849462,0.016129032,0.120967742,0.040994624,3.534096692,0.01475827,0.00672043,112
1322,6.447049924,2.544629349,0.02269289,0.003025719,0,0,0.032526475,0.607413011,0.018910741,32.12000053,0.016641452,0.015885023,0.121028744,0.038577912,2.533590963,0.012782402,0.000756429,112
994,10.05533199,2.247484909,0,0,0,0.005030181,0.031187123,0.53722334,0.012072435,44.49999855,0.013078471,0.018108652,0.274647887,0.033199195,4.474037601,0.013876455,0.005030181,113
953,19.25918153,2.271773347,0,0.003147954,0,0.00524659,0.036726128,0.558237146,0.013641133,40.92307772,0.017838405,0.018887723,0.429171039,0.04616999,8.477598152,0.016166282,0.001049318,113
890,-3.493258427,1.502247191,0.024719101,0.002247191,0.003370787,0.003370787,0.134831461,0.27752809,0.007865169,35.28571223,0.058426966,0.076404494,0.391011236,0.02247191,-2.325355273,0.089753179,0.017977528,113
646,1.930340557,2.535603715,0,0,0.003095975,0,0.425696594,0.343653251,0.009287926,36.99999882,0.188854489,0.236842105,0.085139319,0.043343653,0.761294261,0.167887668,0.047987616,113
792,14.89015152,2.095959596,0,0.006313131,0,0,0.022727273,0.659090909,0.015151515,43.50000043,0.01010101,0.012626263,0.066919192,0.026515152,7.104216867,0.010843373,0.002525253,114
714,13.32633053,2.037815126,0,0,0.00140056,0,0.030812325,0.521008403,0.014005602,37.20000061,0.018207283,0.012605042,0.091036415,0.030812325,6.5395189,0.015120275,0.005602241,114
903,17.39091916,2.179401993,0,0.005537099,0.006644518,0,0.025470653,0.688815061,0.017718715,38.87500087,0.004429679,0.021040975,0.080841639,0.028792913,7.979674797,0.011686992,0.016611296,114
1041,13.48895293,2.378482229,0,0,0,0,0.036503362,0.643611912,0.019212296,33.49999979,0.015369837,0.021133525,0.126801153,0.038424592,5.671243942,0.015347334,0.005763688,114
895,36.75530726,2.693854749,0,0,0,0,0.040223464,0.905027933,0.023463687,38.57142882,0.024581006,0.015642458,0.110614525,0.043575419,13.64413107,0.014931564,0.008938548,115
1088,12.765625,1.849264706,0,0,0,0.000919118,0.035845588,0.609375,0.017463235,34.89473743,0.019301471,0.016544118,0.113051471,0.039522059,6.903081511,0.019383698,0.002757353,115
639,7.261345853,2.361502347,0.023474178,0,0,0,0.161189358,0.212832551,0.007824726,27.20000049,0.051643192,0.109546166,0.040688576,0.045383412,3.074884029,0.068257124,0.057902974,115
690,25.63913043,2.020289855,0,0,0,0,0.024637681,0.582608696,0.010144928,57.42856884,0.015942029,0.008695652,0.117391304,0.028985507,12.69081779,0.012195122,0.007246377,116
1365,0.854212454,2.184615385,0.020512821,0.001465201,0.004395604,0.007326007,0.023443223,0.412454212,0.011721612,35.18749913,0.010989011,0.012454212,0.142124542,0.032967033,0.391012743,0.010731053,0.001465201,116
806,28.0483871,2.150124069,0,0,0.001240695,0,0.029776675,0.655086849,0.014888337,44.00000141,0.009925558,0.019851117,0.08808933,0.033498759,13.04500866,0.013848817,0.009925559,117
539,-6.790352505,2.940630798,0.07606679,0,0,0.009276438,0.035250464,0.467532468,0.018552876,25.19999961,0.014842301,0.020408163,0.141001855,0.038961039,-2.309148265,0.011987382,0.005565862,117
886,3.032731377,2.968397291,0.03724605,0,0.007900677,0.006772009,0.193002257,0.433408578,0.01241535,34.9090906,0.141083521,0.051918736,0.144469526,0.030474041,1.021673004,0.065019011,0.089164785,117
1908,2.048742138,2.436582809,0.014150943,0.001572327,0.001048218,0.004192872,0.01572327,0.396226415,0.013102725,30.24000084,0.005765199,0.009958071,0.165618449,0.018343816,0.840825984,0.006453001,0.004192872,117
463,-2.453563715,2.066954644,0.004319654,0,0.002159827,0.010799136,0.35637149,0.591792657,0.017278618,34.24999945,0.136069114,0.220302376,0.041036717,0.032397408,-1.187042842,0.172413793,0.084233262,117
997,14.84252758,2.266800401,0,0.001003009,0,0,0.027081244,0.253761284,0.006018054,42.16666783,0.012036108,0.015045135,0.104312939,0.033099298,6.547787611,0.011946903,0.003009027,118
379,-12.18997361,1.646437995,0.092348285,0,0,0,0.134564644,0.440633245,0.021108179,20.8750004,0.021108179,0.113456464,0.153034301,0.055408971,-7.403846154,0.081730769,0.092348285,118
389,3.573264781,1.794344473,0,0.010282776,0.002570694,0,0.046272494,0.393316195,0.01285347,30.60000101,0.020565553,0.025706941,0.136246787,0.041131105,1.991404011,0.025787966,0.005141388,118
1061,35.30819981,2.329877474,0,0.001885014,0.000942507,0,0.020735156,0.561734213,0.013195099,42.57142845,0.008482564,0.012252592,0.072573044,0.023562677,15.15453074,0.008899676,0.003770028,119
877,19.70125428,2.218928164,0,0.003420753,0,0.005701254,0.027366021,0.655644242,0.017103763,38.33333296,0.009122007,0.018244014,0.075256556,0.030786773,8.878725591,0.012332991,0.009122007,120
210,-18.9952381,1.452380952,0.1,0,0,0,0.085714286,0.152380952,0.00952381,15.99999916,0.019047619,0.066666667,0.019047619,0.023809524,-13.07868852,0.059016393,0.047619048,120
639,1.314553991,1.981220657,0.039123631,0.004694836,0,0.001564945,0.03286385,0.715179969,0.021909233,32.64285742,0.015649452,0.017214397,0.098591549,0.03286385,0.663507109,0.016587678,0.001564945,120
1070,19.69252336,2.303738318,0,0.013084112,0.005607477,0,0.028037383,0.696261682,0.018691589,37.24999956,0.007476636,0.020560748,0.139252336,0.028971963,8.548073022,0.012170385,0.013084112,120
1005,3.190049751,1.989054726,0.03681592,0.000995025,0.000995025,0.004975124,0.186069652,0.358208955,0.011940299,29.99999874,0.068656716,0.117412935,0.00199005,0.024875622,1.603801901,0.093546773,0.048756219,121
275,-17.17818182,2.287272727,0.058181818,0.003636364,0.007272727,0.04,0.236363636,0.44,0.029090909,15.12500005,0.16,0.076363636,0.010909091,0.036363636,-7.510333863,0.103338633,0.083636364,121
500,-11.798,2.074,0.06,0.004,0,0,0.104,0.422,0.01,42.2,0.024,0.08,0.032,0.018,-5.68852459,0.050144648,0.056,121
517,-0.545454545,1.926499033,0.036750484,0,0,0,0.030947776,0.373307544,0.01934236,19.29999979,0.013539652,0.017408124,0.170212766,0.040618956,-0.28313253,0.016064257,0.003868472,122
721,7.381414702,1.79334258,0,0,0.002773925,0,0.300970874,0.705963939,0.022191401,31.81249976,0.13037448,0.170596394,0.169209431,0.045769764,4.116009281,0.167826759,0.040221914,122
289,-16.98961938,1.480968858,0,0,0.058823529,0.031141869,0.470588235,0.152249135,0.020761246,7.333333221,0.24567474,0.224913495,0.117647059,0.076124567,-11.47196262,0.317757009,0.020761245,122
511,7.264187867,2.199608611,0.005870841,0.005870841,0,0.005870841,0.052837573,1.223091977,0.033268102,36.76470563,0.02739726,0.025440313,0.156555773,0.060665362,3.302491103,0.024021352,0.001956947,123
688,16.98982558,1.783430233,0,0,0,0,0.194767442,1.367732558,0.042151163,32.4482757,0.097383721,0.097383721,0.031976744,0.07994186,9.526487368,0.109209454,0,123
703,6.122332859,2.174964438,0.009957326,0.001422475,0,0.0056899,0.187766714,0.941678521,0.032716927,28.78260911,0.113798009,0.073968706,0.055476529,0.073968706,2.814911707,0.086330935,0.039829303,123
1444,1.693213296,2.578254848,0.03531856,0,0,0.002770083,0.026315789,0.408587258,0.012465374,32.77777771,0.015235457,0.011080332,0.132963989,0.028393352,0.656728445,0.010206822,0.004155125,124
828,31.19444444,2.143719807,0,0,0,0,0.027777778,0.803140097,0.018115942,44.33333343,0.012077295,0.015700483,0.134057971,0.027777778,14.5515493,0.012957746,0.003623188,124
1405,0.431316726,1.809252669,0.014946619,0,0.002135231,0,0.207117438,0.288967972,0.010676157,27.06666566,0.091814947,0.115302491,0.061921708,0.032740214,0.238394965,0.11447679,0.023487544,124
803,20.92652553,2.104607721,0,0.00124533,0,0.00498132,0.0249066,0.571606476,0.01120797,51.00000054,0.01120797,0.01369863,0.084682441,0.02615193,9.943195266,0.01183432,0.00249066,125
150,-14.99333333,0.933333333,0.066666667,0.006666667,0,0.006666667,0.086666667,0.246666667,0.013333333,18.50000049,0.073333333,0.013333333,0,0.026666667,-16.06428571,0.092857143,0.06,125
775,25.51741935,2.107096774,0,0,0,0,0.014193548,0.381935484,0.006451613,59.19999913,0.002580645,0.011612903,0.055483871,0.016774194,12.11022658,0.006736069,0.009032258,126
1202,7.65640599,2.40266223,0,0.000831947,0.000831947,0.00249584,0.016638935,0.34109817,0.009151414,37.27272856,0.000831947,0.015806988,0.076539101,0.019134775,3.186634349,0.006925208,0.014975041,127
892,-10.4338565,1.529147982,0.073991031,0,0,0,0.210762332,0.547085202,0.014573991,37.53846163,0.10426009,0.106502242,0.075112108,0.021300448,-6.823313783,0.137829912,0.002242152,127
997,23.0672016,2.750250752,0,0,0,0,0.018054162,0.21664995,0.009027081,24.00000066,0.003009027,0.015045135,0.125376128,0.020060181,8.387308534,0.006564551,0.012036108,127
560,-11.85535714,2.244642857,0.108928571,0,0,0,0.153571429,0.2125,0.007142857,29.7500006,0.1,0.053571429,0.039285714,0.010714286,-5.281622912,0.068416866,0.046428571,127
464,-4.170258621,2.254310345,0,0,0,0.025862069,0.165948276,0.245689655,0.004310345,56.99999768,0.0625,0.103448276,0.247844828,0.010775862,-1.849904398,0.073613767,0.040948276,127
850,1.942352941,2.536470588,0.005882353,0.002352941,0.001176471,0.003529412,0.154117647,0.627058824,0.011764706,53.29999951,0.009411765,0.144705882,0.232941176,0.021176471,0.765769944,0.060760668,0.135294117,127
1046,-0.146271511,1.586998088,0,0,0.012428298,0.002868069,0.506692161,0.189292543,0.004780115,39.5999977,0.265774379,0.240917782,0.244741874,0.013384321,-0.092168675,0.319277108,0.024856597,127
687,-1.327510917,1.844250364,0.072780204,0.004366812,0,0,0.234352256,0.213973799,0.00727802,29.40000151,0.119359534,0.114992722,0.08588064,0.021834061,-0.719810576,0.127071823,0.004366812,127
716,24.74441341,2.039106145,0,0,0,0,0.029329609,0.578212291,0.009776536,59.14285909,0.015363128,0.01396648,0.152234637,0.030726257,12.13493151,0.014383562,0.001396648,128
1163,9.943250215,2.374032674,0,0.004299226,0,0.002579536,0.029234738,0.504729149,0.011177988,45.15384602,0.013757524,0.015477214,0.120378332,0.026655202,4.188337559,0.012314379,0.00171969,128
1109,18.67448151,2.34896303,0,0.000901713,0.000901713,0,0.023444545,0.538322813,0.014427412,37.31250019,0.008115419,0.015329125,0.102795311,0.027953111,7.950095969,0.009980806,0.007213706,128
1002,12.97704591,2.253493014,0,0,0,0,0.043912176,0.73752495,0.017964072,41.05555522,0.020958084,0.022954092,0.210578842,0.043912176,5.758635961,0.019486271,0.001996008,128
726,39.29338843,3.044077135,0,0,0.00137741,0,0.049586777,0.988980716,0.027548209,35.90000047,0.024793388,0.024793388,0.216253444,0.055096419,12.9081448,0.016289593,0,128
162,-61.95679012,1.043209877,0.314814815,0,0,0,0.12962963,0.222222222,0.018518519,11.99999968,0.00617284,0.12345679,0.160493827,0.030864198,-59.39053254,0.124260355,0.11728395,128
828,-1.414251208,2.123188406,0.006038647,0.004830918,0,0.001207729,0.025362319,0.457729469,0.014492754,31.58333254,0.010869565,0.014492754,0.109903382,0.027777778,-0.666097838,0.011945392,0.003623189,129
579,-14.88773748,2.937823834,0.088082902,0,0,0,0.032815199,0.706390328,0.018998273,37.18181795,0.018998273,0.013816926,0.19343696,0.03626943,-5.06760729,0.0111699,0.005181347,129
805,17.89689441,3.114285714,0,0,0.008695652,0,0.045962733,0.570186335,0.016149068,35.30769299,0.017391304,0.028571429,0.209937888,0.049689441,5.746709214,0.014758676,0.011180125,129
906,-1.427152318,2.181015453,0.054083885,0,0.002207506,0,0.033112583,0.444812362,0.017660044,25.18750021,0.013245033,0.01986755,0.336644592,0.033112583,-0.654352227,0.015182186,0.006622517,130
196,-29.60714286,1.132653061,0.153061224,0,0,0,0.091836735,0,0,70,0,0.091836735,0.219387755,0.010204082,-26.13963964,0.081081081,0.091836735,131
71,-29.97183099,1.408450704,0.154929577,0,0,0,0.211267606,0.14084507,0.014084507,10,0.098591549,0.112676056,0.126760563,0.014084507,-21.28,0.15,0.014084507,131
99,-41.41414141,2.242424242,0.202020202,0.01010101,0,0,0.595959596,0.606060606,0.01010101,60.00000059,0.272727273,0.323232323,0.070707071,0.03030303,-18.46846847,0.265765766,0.05050505,131
200,-31.995,1.655,0.13,0.015,0,0.02,0.055,0.765,0.03,25.5,0.035,0.02,0.2,0.05,-19.33232628,0.033232628,0.015,131
286,-20.67482517,1.041958042,0.108391608,0,0,0,0.101398601,0,0,70,0.048951049,0.052447552,0,0.003496503,-19.84228188,0.097315436,0.003496503,131
102,-40.16666667,1.470588235,0.205882353,0,0,0,0.12745098,0.009803922,0.009803922,1,0.107843137,0.019607843,0.068627451,0.019607843,-27.31333333,0.086666667,0.088235294,131
129,-51.70542636,2.007751938,0.263565891,0,0,0,0.139534884,0.069767442,0.015503876,4.5,0.069767442,0.069767442,0.108527132,0.023255814,-25.75289575,0.069498069,0,131
132,-70.20454545,2.545454545,0.318181818,0,0,0.037878788,0.136363636,0,0,70,0.136363636,0,0.053030303,0.022727273,-27.58035714,0.053571429,0.136363636,131
176,-21.72159091,2.039772727,0.193181818,0,0,0.005681818,0.170454545,0,0,70,0.073863636,0.096590909,0.073863636,0.022727273,-10.64902507,0.08356546,0.022727273,131
308,-19.12662338,2.090909091,0.100649351,0,0,0,0.262987013,0.269480519,0.00974026,27.66666588,0.11038961,0.152597403,0.191558442,0.032467532,-9.147515528,0.125776398,0.042207793,131
236,-24.41949153,1.978813559,0,0.004237288,0,0.122881356,0.313559322,0.004237288,0.004237288,1,0.084745763,0.228813559,0.241525424,0.042372881,-12.34047109,0.158458244,0.144067796,131
1489,22.89456011,2.640026864,0,0.006715917,0.002686367,0.002014775,0.028878442,0.740094023,0.018804567,39.3571425,0.014775017,0.014103425,0.092679651,0.034922767,8.672093615,0.010938692,0.000671592,132
747,21.08165997,2.06291834,0,0,0,0,0.025435074,0.60107095,0.010709505,56.12499831,0.014725569,0.010709505,0.172690763,0.026773762,10.21933809,0.012329656,0.004016064,133
979,14.48416752,2.235955056,0,0.009193054,0,0,0.030643514,0.798774259,0.02145046,37.23809461,0.015321757,0.015321757,0.131767109,0.031664964,6.477843764,0.013704888,0,133
1070,-2.55046729,2.028971963,0.028037383,0.000934579,0,0.007476636,0.256074766,1.054205607,0.029906542,35.25000005,0.098130841,0.157943925,0.160747664,0.085981308,-1.257024413,0.12620912,0.059813084,133
979,16.32277835,2.482124617,0.00102145,0,0.014300306,0,0.321756895,1.167517875,0.038815117,30.07894772,0.164453524,0.157303371,0.193054137,0.136874362,6.576131687,0.12962963,0.007150153,133
1854,2.510787487,2.150485437,0.021035599,0.001078749,0.002696872,0,0.286407767,1.565264293,0.051779935,30.22916682,0.145091694,0.141316073,0.235167206,0.158036677,1.16754452,0.133182844,0.003775621,133
1186,8.083473862,2.405564924,0,0.005059022,0,0.005902192,0.023608769,0.478920742,0.010961214,43.69230835,0.008431703,0.015177066,0.084317032,0.02529511,3.360322468,0.009814231,0.006745363,134
194,-16.52061856,2.237113402,0.097938144,0.005154639,0,0.036082474,0.278350515,0.75257732,0.030927835,24.33333339,0.164948454,0.113402062,0.020618557,0.041237113,-7.384792627,0.124423963,0.051546392,134
941,0.788522848,1.976620616,0.017003188,0.005313496,0,0,0.192348565,0.877789586,0.021253985,41.30000026,0.065887354,0.126461211,0.04250797,0.032943677,0.398924731,0.097311828,0.060573857,134
572,36.31643357,2.671328671,0,0,0,0.006993007,0.195804196,0.417832168,0.01048951,39.83333521,0.124125874,0.071678322,0.166083916,0.031468531,13.59489529,0.073298429,0.052447552,134
542,-8.592250923,2.140221402,0.075645756,0,0,0,0.258302583,0.407749077,0.016605166,24.5555556,0.119926199,0.138376384,0.081180812,0.044280443,-4.014655172,0.120689655,0.018450185,134
897,24.85841695,2.292084727,0,0.003344482,0.005574136,0,0.033444816,0.638795987,0.013377926,47.75000153,0.013377926,0.02006689,0.115942029,0.049052397,10.84533074,0.01459144,0.006688964,135
1595,0.122884013,2.014420063,0.023824451,0,0.004388715,0.001253918,0.214420063,0.873354232,0.031974922,27.31372517,0.107210031,0.107210031,0.130407524,0.132288401,0.061002179,0.106442577,0,135
1083,6.725761773,2.79501385,0.040627886,0,0.001846722,0.002770083,0.288088643,1.010156971,0.033240997,30.38888909,0.180055402,0.108033241,0.180055402,0.110803324,2.406342914,0.103072349,0.072022161,135
1718,8.683934808,2.319557625,0.007566938,0,0.001164144,0.00814901,0.023864959,0.569266589,0.014551804,39.12000114,0.009313155,0.014551804,0.089057043,0.029685681,3.74378921,0.010288582,0.005238649,135
661,-6.865355522,1.832072617,0.046898638,0,0,0,0.184568835,0.567322239,0.013615734,41.66666586,0.122541604,0.062027231,0.105900151,0.034795764,-3.747316268,0.100743187,0.060514373,136
